case_id,shape,spacing,sx,sy,sz,orientation,img_min,img_max,img_mean,img_std,p0.5,p1,p5,p25,p50,p75,p95,p99,p99.5,frac_outside_clamp,n_pancreas,n_tumor,n_fg,pan_mm3,tum_mm3,fg_frac
pancreas_001,512x512x110,0.6445x0.6445x2.5,0.6445,0.6445,2.5,RAS,-1024.0,3071.0,-450.01,497.018,-1024.0,-1024.0,-1024.0,-998.0,-174.5,14.0,148.0,292.0,398.0,0.22643,39557,26153,65710,41081.9,27161.2,0.002279
pancreas_004,512x512x107,0.7422x0.7422x2.5,0.7422,0.7422,2.5,RAS,-1024.0,2926.0,-503.111,506.422,-1024.0,-1024.0,-1024.0,-1014.0,-846.0,12.0,130.0,278.0,418.0,0.307308,71622,28448,100070,98631.2,39176.0,0.003568
pancreas_005,512x512x104,0.918x0.918x2.5,0.918,0.918,2.5,RAS,-1024.0,2098.0,-623.373,488.576,-1024.0,-1024.0,-1024.0,-1024.0,-981.0,-62.0,114.0,262.0,432.0,0.390659,71062,3609,74671,149704.0,7603.0,0.002739
pancreas_010,512x512x174,0.9766x0.9766x1.5,0.9766,0.9766,1.5,RAS,-1024.0,2350.0,-514.042,494.467,-1024.0,-1024.0,-1024.0,-1024.0,-804.0,-42.0,107.0,193.0,318.5,0.341311,116491,53193,169684,166641.5,76093.1,0.00372
pancreas_012,512x512x97,0.7871x0.7871x2.5,0.7871,0.7871,2.5,RAS,-1024.0,3071.0,-549.969,497.231,-1024.0,-1024.0,-1024.0,-1009.0,-924.0,-42.0,137.0,292.0,410.0,0.274057,79727,8475,88202,123485.3,13126.5,0.003469
pancreas_015,512x512x87,0.7324x0.7324x2.5,0.7324,0.7324,2.5,RAS,-1024.0,1642.0,-529.912,506.869,-1024.0,-1024.0,-1024.0,-1003.0,-885.0,31.0,144.0,281.1,419.1,0.248376,58307,6115,64422,78195.8,8200.9,0.002825
pancreas_016,512x512x85,0.7734x0.7734x2.5,0.7734,0.7734,2.5,RAS,-1024.0,2549.0,-524.974,501.331,-1024.0,-1024.0,-1024.0,-1011.0,-890.0,-18.0,145.0,280.0,431.1,0.280956,69590,6668,76258,104072.9,9972.1,0.003422
pancreas_018,512x512x87,0.6738x0.6738x2.5,0.6738,0.6738,2.5,RAS,-1024.0,1930.0,-586.654,506.12,-1024.0,-1024.0,-1024.0,-1009.0,-951.0,-24.0,181.0,282.0,359.1,0.346335,45129,7482,52611,51226.4,8492.9,0.002307
pancreas_019,512x512x85,0.8789x0.8789x2.5,0.8789,0.8789,2.5,RAS,-1024.0,1384.0,-608.277,484.028,-1024.0,-1024.0,-1024.0,-1016.0,-934.0,-83.0,137.0,252.0,345.1,0.319518,47794,3287,51081,92299.3,6347.8,0.002292
pancreas_021,512x512x93,0.8633x0.8633x2.5,0.8633,0.8633,2.5,RAS,-1024.0,1349.0,-617.359,483.933,-1024.0,-1024.0,-1024.0,-1009.0,-957.0,-91.0,130.0,259.0,456.0,0.309686,45809,5700,51509,85348.4,10619.9,0.002113
pancreas_029,512x512x99,0.7812x0.7812x2.5,0.7812,0.7812,2.5,RAS,-1024.0,2499.0,-502.346,499.851,-1024.0,-1024.0,-1024.0,-1006.0,-811.0,-25.0,121.0,380.0,590.9,0.259827,113279,1167,114446,172850.0,1780.7,0.00441
pancreas_041,512x512x137,0.7988x0.7988x1.5,0.7988,0.7988,1.5,RAS,-1024.0,3071.0,-564.756,488.87,-1024.0,-1024.0,-1024.0,-1005.0,-900.0,-41.0,121.0,270.0,411.0,0.258497,141691,2112,143803,135625.1,2021.6,0.004004
pancreas_043,512x512x39,0.7461x0.7461x5.0,0.7461,0.7461,5.0,RAS,-1024.0,1377.0,-541.642,513.372,-1024.0,-1024.0,-1024.0,-1004.0,-911.0,25.0,152.0,360.0,536.4,0.259027,40588,2592,43180,112967.8,7214.3,0.004224
pancreas_045,512x512x41,0.8164x0.8164x5.0,0.8164,0.8164,5.0,RAS,-1024.0,1333.0,-681.904,448.938,-1024.0,-1024.0,-1024.0,-1005.0,-954.0,-102.0,117.0,206.0,263.9,0.283955,18468,2923,21391,61546.3,9741.2,0.00199
pancreas_051,512x512x99,0.8203x0.8203x2.5,0.8203,0.8203,2.5,RAS,-1024.0,3071.0,-574.581,491.761,-1024.0,-1024.0,-1024.0,-1008.0,-937.0,-75.0,132.0,249.0,332.0,0.271199,46994,1186,48180,79057.0,1995.2,0.001856
pancreas_052,512x512x89,0.6445x0.6445x2.5,0.6445,0.6445,2.5,RAS,-1024.0,1432.0,-501.372,515.141,-1024.0,-1024.0,-1024.0,-1008.0,-888.0,31.0,171.0,317.0,464.0,0.284625,87703,2856,90559,91084.0,2966.1,0.003882
pancreas_055,512x512x96,0.8203x0.8203x2.5,0.8203,0.8203,2.5,RAS,-1024.0,1663.0,-527.105,487.701,-1024.0,-1024.0,-1024.0,-1007.0,-874.0,-65.0,108.0,234.4,378.7,0.264166,54931,1275,56206,92409.3,2144.9,0.002233
pancreas_056,512x512x84,0.7656x0.7656x2.5,0.7656,0.7656,2.5,RAS,-1024.0,1730.0,-532.443,496.669,-1024.0,-1024.0,-1024.0,-1010.0,-900.0,-37.0,112.0,285.0,450.9,0.285742,35272,2369,37641,51689.5,3471.7,0.001709
pancreas_061,512x512x93,0.8789x0.8789x2.5,0.8789,0.8789,2.5,RAS,-1024.0,3071.0,-514.876,489.03,-1024.0,-1024.0,-1024.0,-1015.0,-854.0,-58.0,141.0,230.0,339.0,0.269398,76123,4020,80143,147007.9,7763.4,0.003287
pancreas_064,512x512x93,0.8945x0.8945x2.5,0.8945,0.8945,2.5,RAS,-1024.0,2344.0,-616.027,478.542,-1024.0,-1024.0,-1024.0,-1011.0,-952.0,-84.0,116.0,213.0,290.7,0.299227,52283,9042,61325,104590.3,18088.2,0.002515
pancreas_066,512x512x96,0.8145x0.8145x5.0,0.8145,0.8145,5.0,RAS,-1024.0,1392.0,-533.565,504.887,-1024.0,-1024.0,-1024.0,-996.0,-933.0,-4.0,104.0,477.0,596.7,0.163248,35986,4575,40561,119353.6,15173.8,0.001612
pancreas_067,512x512x103,0.8223x0.8223x2.5,0.8223,0.8223,2.5,RAS,-1024.0,3071.0,-525.356,508.173,-1024.0,-1024.0,-1024.0,-1007.0,-886.0,-43.0,149.0,352.0,588.0,0.263341,64207,1035,65242,108529.3,1749.5,0.002416
pancreas_069,512x512x97,0.7891x0.7891x5.0,0.7891,0.7891,5.0,RAS,-1024.0,2026.0,-664.331,477.259,-1024.0,-1024.0,-1024.0,-1014.0,-989.0,-95.0,156.0,314.0,405.7,0.426742,40346,12496,52842,125600.9,38901.2,0.002078
pancreas_070,512x512x106,0.8711x0.8711x2.5,0.8711,0.8711,2.5,RAS,-1024.0,2831.0,-586.936,484.005,-1024.0,-1024.0,-1024.0,-1010.2,-942.0,-84.0,123.0,267.0,472.0,0.275231,49396,20737,70133,93704.8,39338.3,0.002524
pancreas_071,512x512x87,0.7812x0.7812x5.0,0.7812,0.7812,5.0,RAS,-1024.0,1422.0,-404.339,481.768,-1024.0,-1024.0,-1024.0,-1002.0,-106.0,-31.0,89.0,328.0,497.1,0.23708,37385,23909,61294,114090.0,72964.5,0.002688
pancreas_075,512x512x121,0.8164x0.8164x1.25,0.8164,0.8164,1.25,RAS,-1024.0,1804.0,-659.719,471.669,-1024.0,-1024.0,-1024.0,-1023.0,-981.0,-103.0,114.0,272.0,387.0,0.359231,103877,12504,116381,86545.0,10417.7,0.003669
pancreas_078,512x512x76,0.709x0.709x2.5,0.709,0.709,2.5,RAS,-1024.0,1585.0,-622.297,495.494,-1024.0,-1024.0,-1024.0,-1010.0,-960.0,-54.0,166.0,291.0,420.8,0.351489,70014,1220,71234,87982.8,1533.1,0.003575
pancreas_080,512x512x98,0.8066x0.8066x2.5,0.8066,0.8066,2.5,RAS,-1024.0,1574.0,-521.871,485.146,-1024.0,-1024.0,-1024.0,-1009.0,-851.0,-80.0,141.0,252.0,304.0,0.263171,44499,11123,55622,72385.4,18093.5,0.002165
pancreas_083,512x512x83,0.7695x0.7695x2.5,0.7695,0.7695,2.5,RAS,-1024.0,1485.0,-612.328,500.254,-1024.0,-1024.0,-1024.0,-1010.0,-954.0,-18.0,157.0,317.0,478.4,0.293684,75257,6939,82196,111413.8,10272.8,0.003778
pancreas_084,512x512x82,0.7285x0.7285x2.5,0.7285,0.7285,2.5,RAS,-1024.0,1423.0,-667.023,482.464,-1024.0,-1024.0,-1024.0,-1005.0,-972.5,-79.0,152.0,300.0,461.4,0.256471,76710,973,77683,101781.8,1291.0,0.003614
pancreas_087,512x512x77,0.6445x0.6445x5.0,0.6445,0.6445,5.0,RAS,-1024.0,2419.0,-500.184,496.227,-1015.0,-1012.0,-1005.0,-994.0,-865.0,-15.0,164.0,340.0,426.0,0.123615,40851,5012,45863,84851.7,10410.4,0.002272
pancreas_089,512x512x91,0.7773x0.7773x2.5,0.7773,0.7773,2.5,RAS,-1024.0,3071.0,-531.02,496.78,-1024.0,-1024.0,-1024.0,-1008.0,-878.5,-26.0,127.0,277.1,436.1,0.276459,56327,3810,60137,85090.9,5755.6,0.002521
pancreas_091,512x512x71,0.8164x0.8164x2.5,0.8164,0.8164,2.5,RAS,-1024.0,3071.0,-579.683,471.942,-1024.0,-1024.0,-1024.0,-1009.0,-906.0,-88.0,77.0,195.7,306.8,0.278627,63812,9299,73111,106329.7,15494.9,0.003928
pancreas_094,512x512x84,0.7227x0.7227x2.5,0.7227,0.7227,2.5,RAS,-1024.0,2180.0,-494.217,513.972,-1024.0,-1024.0,-1024.0,-1005.0,-813.5,40.0,145.0,332.0,505.0,0.252203,154295,13165,167460,201444.3,17187.9,0.007605
pancreas_096,512x512x108,0.9258x0.9258x2.5,0.9258,0.9258,2.5,RAS,-1024.0,1352.0,-535.636,482.357,-1024.0,-1024.0,-1024.0,-1024.0,-861.0,-61.0,101.2,237.0,414.0,0.264113,70118,14131,84249,150240.2,30278.2,0.002976
pancreas_101,512x512x98,0.7539x0.7539x5.0,0.7539,0.7539,5.0,RAS,-1024.0,1493.0,-469.176,494.132,-1024.0,-1024.0,-1009.0,-996.0,-505.0,17.0,101.0,377.0,540.7,0.163222,47602,3123,50725,135278.8,8875.2,0.001974
pancreas_102,512x512x92,0.793x0.793x2.5,0.793,0.793,2.5,RAS,-1024.0,1685.0,-525.707,504.153,-1024.0,-1024.0,-1024.0,-1009.0,-882.0,-9.0,146.0,294.4,436.0,0.26446,63305,2157,65462,99515.4,3390.8,0.002714
pancreas_103,512x512x90,0.6621x0.6621x2.5,0.6621,0.6621,2.5,RAS,-1024.0,3071.0,-543.082,507.24,-1024.0,-1024.0,-1024.0,-1006.0,-867.0,-11.0,173.0,320.0,471.1,0.259863,56919,9221,66140,62381.6,10105.9,0.002803
pancreas_104,512x512x100,0.8984x0.8984x2.5,0.8984,0.8984,2.5,RAS,-1024.0,3071.0,-529.446,477.397,-1024.0,-1024.0,-1024.0,-1024.0,-782.0,-83.0,113.0,263.0,436.3,0.291339,32758,588,33346,66104.9,1186.6,0.001272
pancreas_105,512x512x98,0.7695x0.7695x5.0,0.7695,0.7695,5.0,RAS,-1024.0,1443.0,-531.353,493.237,-1024.0,-1024.0,-1009.0,-998.0,-902.0,-28.0,91.0,332.0,490.7,0.176903,29309,1704,31013,86780.7,5045.4,0.001207
pancreas_106,512x512x55,0.7031x0.7031x3.75,0.7031,0.7031,3.75,RAS,-1024.0,1291.0,-490.22,497.858,-1024.0,-1024.0,-1024.0,-1001.0,-771.5,9.0,97.0,327.0,476.0,0.236218,55718,1076,56794,103298.0,1994.8,0.003939
pancreas_107,512x512x102,0.7812x0.7812x2.5,0.7812,0.7812,2.5,RAS,-1024.0,3071.0,-516.458,474.026,-1024.0,-1024.0,-1024.0,-1002.0,-808.0,-89.0,125.0,228.0,323.0,0.239744,48770,2084,50854,74417.1,3179.9,0.001902
pancreas_111,512x512x57,0.8418x0.8418x5.0,0.8418,0.8418,5.0,RAS,-1024.0,1324.0,-532.05,504.221,-1024.0,-1024.0,-1024.0,-1005.0,-917.0,-26.0,140.0,343.0,515.0,0.254994,34801,910,35711,123303.8,3224.2,0.00239
pancreas_113,512x512x100,0.6895x0.6895x2.5,0.6895,0.6895,2.5,RAS,-1024.0,3071.0,-514.25,487.294,-1024.0,-1024.0,-1024.0,-1001.0,-819.0,-55.0,143.0,257.0,366.6,0.235068,94511,18965,113476,112313.4,22537.3,0.004329
pancreas_117,512x512x134,0.6602x0.6602x3.0,0.6602,0.6602,3.0,RAS,-1024.0,1504.0,-470.035,500.892,-1024.0,-1022.0,-1008.0,-984.0,-732.0,-4.0,151.0,529.8,700.4,0.131028,83407,3948,87355,109047.8,5161.7,0.002487
pancreas_119,512x512x85,0.8984x0.8984x2.5,0.8984,0.8984,2.5,RAS,-1024.0,1417.0,-668.744,461.594,-1024.0,-1024.0,-1024.0,-1015.0,-973.0,-104.0,122.0,218.0,323.1,0.321814,51646,7572,59218,104220.4,15280.1,0.002658
pancreas_124,512x512x82,0.9512x0.9512x2.5,0.9512,0.9512,2.5,RAS,-1024.0,1576.0,-550.712,487.743,-1024.0,-1024.0,-1024.0,-1024.0,-917.0,-58.0,113.0,222.0,312.4,0.304576,45115,15567,60682,102042.0,35209.8,0.002823
pancreas_125,512x512x102,0.9316x0.9316x2.5,0.9316,0.9316,2.5,RAS,-1024.0,1487.0,-555.117,478.844,-1024.0,-1024.0,-1024.0,-1009.0,-887.0,-79.0,98.0,241.0,415.0,0.273187,78343,3615,81958,169995.5,7844.1,0.003065
pancreas_126,512x512x73,0.7344x0.7344x2.5,0.7344,0.7344,2.5,RAS,-1024.0,1569.0,-654.789,475.353,-1024.0,-1024.0,-1024.0,-1008.0,-957.0,-92.0,174.0,288.0,392.0,0.30431,99700,5235,104935,134422.2,7058.2,0.005483
pancreas_127,512x512x126,0.8691x0.8691x2.5,0.8691,0.8691,2.5,RAS,-1024.0,1364.0,-518.302,492.768,-1024.0,-1024.0,-1024.0,-1014.0,-838.0,-35.0,117.0,288.0,436.5,0.264108,97983,5075,103058,185042.4,9584.2,0.00312
pancreas_129,512x512x44,0.7305x0.7305x5.0,0.7305,0.7305,5.0,RAS,-1024.0,1202.0,-556.346,477.152,-1024.0,-1024.0,-1008.0,-997.0,-893.0,-92.0,115.0,238.7,345.3,0.172579,31014,1966,32980,82743.0,5245.1,0.002859
pancreas_131,512x512x59,0.8027x0.8027x2.5,0.8027,0.8027,2.5,RAS,-1024.0,1315.0,-458.302,508.884,-1024.0,-1024.0,-1024.0,-1015.0,-179.5,25.0,144.0,275.0,442.2,0.263797,111888,5261,117149,180246.5,8475.2,0.007574
pancreas_135,512x512x60,0.7227x0.7227x5.0,0.7227,0.7227,5.0,RAS,-1024.0,1271.0,-462.832,502.439,-1024.0,-1024.0,-1024.0,-1000.0,-298.5,11.0,149.0,301.0,398.0,0.22945,53748,4070,57818,140344.5,10627.4,0.003676
pancreas_137,512x512x85,0.8398x0.8398x2.5,0.8398,0.8398,2.5,RAS,-1024.0,1461.0,-574.412,490.625,-1024.0,-1024.0,-1024.0,-1009.0,-931.0,-50.0,113.0,288.0,423.1,0.267621,61155,3547,64702,107837.4,6254.6,0.002904
pancreas_138,512x512x95,0.9375x0.9375x2.5,0.9375,0.9375,2.5,RAS,-1024.0,3071.0,-576.513,493.015,-1024.0,-1024.0,-1024.0,-1011.0,-897.0,-70.0,120.0,285.0,468.7,0.293281,53258,9006,62264,117022.0,19788.6,0.0025
pancreas_145,512x512x93,0.9375x0.9375x2.5,0.9375,0.9375,2.5,RAS,-1024.0,1934.0,-700.503,444.651,-1024.0,-1024.0,-1024.0,-1024.0,-986.0,-115.0,118.0,213.0,244.0,0.316921,43665,1580,45245,95943.6,3471.7,0.001856
pancreas_148,512x512x42,0.7617x0.7617x5.0,0.7617,0.7617,5.0,RAS,-1024.0,1596.0,-533.898,496.743,-1024.0,-1024.0,-1024.0,-998.0,-870.0,8.0,128.0,306.5,420.7,0.224567,24240,1438,25678,70322.2,4171.8,0.002332
pancreas_160,512x512x75,0.8203x0.8203x2.5,0.8203,0.8203,2.5,RAS,-1024.0,3071.0,-614.593,481.087,-1024.0,-1024.0,-1024.0,-1007.0,-934.0,-75.0,146.0,246.0,325.0,0.267995,34540,9424,43964,58105.9,15853.8,0.002236
pancreas_167,512x512x101,0.7598x0.7598x2.5,0.7598,0.7598,2.5,RAS,-1024.0,3071.0,-548.643,495.902,-1024.0,-1024.0,-1024.0,-1007.0,-893.0,-39.0,153.0,291.0,411.0,0.262386,72183,7480,79663,104168.1,10794.5,0.003009
pancreas_169,512x512x87,0.7422x0.7422x2.5,0.7422,0.7422,2.5,RAS,-1024.0,1997.0,-617.36,483.936,-1024.0,-1024.0,-1024.0,-1007.0,-935.0,-80.0,172.0,275.0,333.1,0.273596,22362,1339,23701,30794.9,1843.9,0.001039
pancreas_170,512x512x103,0.8027x0.8027x2.5,0.8027,0.8027,2.5,RAS,-1024.0,3071.0,-530.1,491.837,-1024.0,-1024.0,-1024.0,-1007.0,-879.0,-47.0,130.0,232.0,342.0,0.26203,39292,1662,40954,63297.6,2677.4,0.001517
pancreas_173,512x512x81,0.6934x0.6934x2.5,0.6934,0.6934,2.5,RAS,-1024.0,3071.0,-509.306,502.83,-1024.0,-1024.0,-1024.0,-1006.0,-824.0,-43.0,163.0,310.9,551.3,0.255055,38282,1584,39866,46009.9,1903.8,0.001877
pancreas_175,512x512x91,0.7773x0.7773x2.5,0.7773,0.7773,2.5,RAS,-1024.0,2198.0,-530.557,500.658,-1024.0,-1024.0,-1024.0,-1005.0,-892.0,-9.0,153.0,292.1,436.1,0.258325,38003,1750,39753,57409.6,2643.7,0.001666
pancreas_178,512x512x110,0.8008x0.8008x2.5,0.8008,0.8008,2.5,RAS,-1024.0,1323.0,-566.25,487.827,-1024.0,-1024.0,-1024.0,-1007.0,-933.0,-82.0,131.0,259.0,366.9,0.26777,36582,3400,39982,58645.5,5450.6,0.001387
pancreas_179,512x512x89,0.7852x0.7852x2.5,0.7852,0.7852,2.5,RAS,-1024.0,3071.0,-622.765,476.797,-1024.0,-1024.0,-1024.0,-1008.0,-951.0,-99.0,137.0,268.0,348.0,0.284236,33111,1199,34310,51029.8,1847.9,0.001471
pancreas_180,512x512x95,0.7422x0.7422x2.5,0.7422,0.7422,2.5,RAS,-1024.0,3071.0,-552.553,492.399,-1024.0,-1024.0,-1024.0,-1006.0,-894.0,-75.0,169.0,281.4,464.7,0.255357,48740,8857,57597,67120.2,12197.0,0.002313
pancreas_181,512x512x87,0.9766x0.9766x2.5,0.9766,0.9766,2.5,RAS,-1024.0,1463.0,-645.698,462.236,-1024.0,-1024.0,-1024.0,-1024.0,-971.0,-106.0,105.0,212.0,316.0,0.332158,27931,2275,30206,66592.6,5424.0,0.001324
pancreas_182,512x512x79,0.6738x0.6738x2.5,0.6738,0.6738,2.5,RAS,-1024.0,2125.0,-562.206,516.189,-1024.0,-1024.0,-1024.0,-1011.0,-933.0,14.0,186.0,313.0,422.9,0.320498,31464,20299,51763,35715.1,23041.6,0.002499
pancreas_183,512x512x76,0.8223x0.8223x2.5,0.8223,0.8223,2.5,RAS,-1024.0,1714.0,-682.116,460.023,-1024.0,-1024.0,-1024.0,-1003.0,-983.0,-107.0,154.0,260.0,341.6,0.251563,13709,1812,15521,23172.4,3062.8,0.000779
pancreas_186,512x512x51,0.709x0.709x5.0,0.709,0.709,5.0,RAS,-1024.0,1258.0,-626.748,491.148,-1024.0,-1024.0,-1024.0,-999.0,-945.0,14.0,137.0,241.9,334.0,0.225836,27107,2450,29557,68127.8,6157.6,0.002211
pancreas_193,512x512x113,0.7773x0.7773x2.5,0.7773,0.7773,2.5,RAS,-1024.0,2832.0,-496.434,506.25,-1024.0,-1024.0,-1024.0,-1010.0,-813.0,-6.0,149.0,349.0,515.0,0.269287,40272,4643,44915,60837.3,7014.0,0.001516
pancreas_196,512x512x92,0.6445x0.6445x2.5,0.6445,0.6445,2.5,RAS,-1024.0,1881.0,-495.452,497.029,-1024.0,-1024.0,-1024.0,-1001.0,-806.0,-15.0,143.0,260.0,432.7,0.238089,48209,2963,51172,50067.5,3077.2,0.002122
pancreas_199,512x512x95,0.8027x0.8027x2.5,0.8027,0.8027,2.5,RAS,-1024.0,3024.0,-614.763,494.931,-1024.0,-1024.0,-1024.0,-1009.0,-927.0,-37.0,147.0,380.0,588.1,0.301185,57707,9060,66767,92963.4,14595.3,0.002681
pancreas_201,512x512x76,0.6445x0.6445x2.5,0.6445,0.6445,2.5,RAS,-1024.0,3071.0,-567.396,519.729,-1024.0,-1024.0,-1024.0,-1002.0,-943.0,7.0,191.0,345.0,506.8,0.241766,36391,4689,41080,37793.9,4869.8,0.002062
pancreas_203,512x512x106,0.7617x0.7617x2.5,0.7617,0.7617,2.5,RAS,-1024.0,1344.0,-527.12,505.22,-1024.0,-1024.0,-1024.0,-1011.0,-920.0,-32.0,148.0,278.0,389.9,0.287996,53515,681,54196,77625.6,987.8,0.00195
pancreas_204,512x512x73,0.6445x0.6445x2.5,0.6445,0.6445,2.5,RAS,-1268.0,4009.0,-621.789,498.316,-1024.0,-1024.0,-1024.0,-1005.0,-967.0,-57.0,191.0,336.7,387.8,0.268254,19664,4749,24413,20422.1,4932.1,0.001276
pancreas_207,512x512x81,0.7344x0.7344x2.5,0.7344,0.7344,2.5,RAS,-1024.0,1924.0,-459.415,489.858,-1024.0,-1024.0,-1024.0,-994.0,-171.0,-36.0,166.0,297.9,411.0,0.223008,71337,2621,73958,96181.3,3533.8,0.003483
pancreas_209,512x512x104,0.9609x0.9609x2.5,0.9609,0.9609,2.5,RAS,-1024.0,1794.0,-562.525,493.422,-1024.0,-1024.0,-1024.0,-1024.0,-936.0,-62.0,118.0,217.6,379.6,0.341144,52456,4812,57268,121094.9,11108.5,0.002101
pancreas_211,512x512x121,0.9141x0.9141x2.5,0.9141,0.9141,2.5,RAS,-1024.0,3071.0,-533.09,476.655,-1024.0,-1024.0,-1024.0,-1017.0,-805.0,-83.0,110.0,260.0,483.2,0.265567,24324,2580,26904,50807.3,5389.0,0.000848
pancreas_212,512x512x97,0.873x0.873x2.5,0.873,0.873,2.5,RAS,-1024.0,3071.0,-542.072,481.859,-1024.0,-1024.0,-1024.0,-1006.0,-866.0,-63.0,117.0,247.0,360.7,0.243394,47950,673,48623,91370.0,1282.4,0.001912
pancreas_213,512x512x95,0.9375x0.9375x2.5,0.9375,0.9375,2.5,RAS,-1024.0,3071.0,-612.327,463.82,-1024.0,-1024.0,-1024.0,-1021.0,-901.0,-97.0,128.0,253.4,388.7,0.274749,24190,9672,33862,53151.9,21252.0,0.00136
pancreas_214,512x512x109,0.8496x0.8496x2.5,0.8496,0.8496,2.5,RAS,-1024.0,1500.0,-592.892,487.392,-1024.0,-1024.0,-1024.0,-1011.0,-950.0,-79.0,130.0,247.0,392.9,0.288678,45096,1613,46709,81379.7,2910.8,0.001635
pancreas_215,512x512x99,0.7578x0.7578x2.5,0.7578,0.7578,2.5,RAS,-1024.0,3071.0,-522.86,501.59,-1024.0,-1024.0,-1024.0,-1009.0,-876.0,-37.0,142.0,306.0,482.0,0.26713,48883,1043,49926,70181.2,1497.4,0.001924
pancreas_217,512x512x107,0.8301x0.8301x2.5,0.8301,0.8301,2.5,RAS,-1024.0,2163.0,-532.801,495.939,-1024.0,-1024.0,-1024.0,-1014.0,-900.0,-56.0,134.0,285.9,460.0,0.272122,84865,1307,86172,146186.2,2251.4,0.003072
pancreas_218,512x512x99,0.7539x0.7539x2.5,0.7539,0.7539,2.5,RAS,-1024.0,3071.0,-553.983,472.258,-1024.0,-1024.0,-1024.0,-998.0,-837.0,-80.0,121.0,286.0,452.6,0.2289,41547,1601,43148,59035.6,2274.9,0.001663
pancreas_219,512x512x192,0.9766x0.9766x2.5,0.9766,0.9766,2.5,RAS,-1024.0,2411.0,-541.537,480.05,-1024.0,-1024.0,-1024.0,-1018.0,-891.0,-79.0,88.0,269.0,460.0,0.273431,38295,4020,42315,91302.3,9584.4,0.000841
pancreas_222,512x512x77,0.6055x0.6055x2.5,0.6055,0.6055,2.5,RAS,-1024.0,2218.0,-533.003,511.904,-1024.0,-1024.0,-1024.0,-1001.0,-893.0,2.0,194.0,321.0,431.0,0.234645,40200,2834,43034,36842.6,2597.3,0.002132
pancreas_224,512x512x93,0.8633x0.8633x2.5,0.8633,0.8633,2.5,RAS,-1024.0,3071.0,-551.303,481.893,-1024.0,-1024.0,-1024.0,-1007.0,-899.0,-81.0,127.0,266.0,401.0,0.24915,30568,1471,32039,56952.3,2740.7,0.001314
pancreas_225,512x512x81,0.7402x0.7402x2.5,0.7402,0.7402,2.5,RAS,-1024.0,3071.0,-575.704,481.032,-1024.0,-1024.0,-1024.0,-1001.0,-887.0,-87.0,138.0,273.0,395.9,0.234203,43674,1946,45620,59827.5,2665.8,0.002148
pancreas_227,512x512x89,0.9766x0.9766x2.5,0.9766,0.9766,2.5,RAS,-1024.0,1842.0,-552.873,482.397,-1024.0,-1024.0,-1024.0,-1024.0,-892.0,-77.0,110.0,240.1,423.2,0.296192,26906,2757,29663,64148.8,6573.2,0.001271
pancreas_228,512x512x113,0.8984x0.8984x2.5,0.8984,0.8984,2.5,RAS,-1024.0,2209.0,-683.945,464.139,-1024.0,-1024.0,-1024.0,-1012.0,-989.0,-99.0,113.0,217.0,317.0,0.360332,25697,1256,26953,51856.0,2534.6,0.00091
pancreas_234,512x512x81,0.8984x0.8984x2.5,0.8984,0.8984,2.5,RAS,-1024.0,1713.0,-671.609,467.957,-1024.0,-1024.0,-1024.0,-1011.0,-978.0,-93.0,122.0,221.0,308.0,0.324108,40090,6687,46777,80900.7,13494.2,0.002203
pancreas_235,512x512x84,0.7773x0.7773x2.5,0.7773,0.7773,2.5,RAS,-1024.0,2761.0,-646.49,475.999,-1024.0,-1024.0,-1024.0,-1006.0,-960.0,-75.0,122.0,235.9,316.4,0.268919,47536,1823,49359,71810.7,2753.9,0.002242
pancreas_236,512x512x81,0.8594x0.8594x2.5,0.8594,0.8594,2.5,RAS,-1024.0,3071.0,-561.174,496.956,-1024.0,-1024.0,-1024.0,-1024.0,-895.0,-73.0,135.0,274.9,536.9,0.289042,17682,2086,19768,32646.5,3851.4,0.000931
pancreas_239,512x512x92,0.7031x0.7031x2.5,0.7031,0.7031,2.5,RAS,-1024.0,1510.0,-542.424,506.675,-1024.0,-1024.0,-1024.0,-1003.0,-900.0,-8.0,173.0,309.0,400.0,0.24375,44945,1611,46556,55550.3,1991.1,0.00193
pancreas_242,512x512x101,0.8711x0.8711x2.5,0.8711,0.8711,2.5,RAS,-1024.0,3071.0,-585.818,475.222,-1024.0,-1024.0,-1024.0,-1011.0,-898.0,-95.0,129.0,251.0,484.3,0.281221,36453,405,36858,69151.8,768.3,0.001392
pancreas_243,512x512x51,0.7617x0.7617x5.0,0.7617,0.7617,5.0,RAS,-1024.0,1301.0,-555.11,483.098,-1024.0,-1024.0,-1024.0,-1003.0,-891.0,-73.0,140.0,229.0,307.0,0.247935,22943,1171,24114,66559.5,3397.2,0.001804
pancreas_244,512x512x103,0.9082x0.9082x2.5,0.9082,0.9082,2.5,RAS,-1024.0,1362.0,-638.095,471.685,-1024.0,-1024.0,-1024.0,-1010.0,-957.0,-93.0,128.0,247.0,405.3,0.307921,19910,707,20617,41056.0,1457.9,0.000764
pancreas_246,512x512x107,0.8984x0.8984x2.5,0.8984,0.8984,2.5,RAS,-1024.0,1959.0,-667.667,467.119,-1024.0,-1024.0,-1024.0,-1015.0,-980.0,-96.0,119.0,222.0,370.9,0.340889,43168,791,43959,87112.0,1596.2,0.001567
pancreas_247,512x512x89,0.6445x0.6445x2.5,0.6445,0.6445,2.5,RAS,-1024.0,2787.0,-563.494,509.804,-1024.0,-1024.0,-1024.0,-1001.0,-934.0,15.0,152.0,361.1,527.0,0.236368,56573,1903,58476,58753.9,1976.4,0.002506
pancreas_249,512x512x123,0.9766x0.9766x2.5,0.9766,0.9766,2.5,RAS,-1024.0,3071.0,-637.38,472.293,-1024.0,-1024.0,-1024.0,-1024.0,-968.0,-94.0,88.0,282.3,504.2,0.300481,34444,2607,37051,82120.8,6215.6,0.001149
pancreas_255,512x512x99,0.8203x0.8203x2.5,0.8203,0.8203,2.5,RAS,-1024.0,3071.0,-591.757,487.311,-1024.0,-1024.0,-1024.0,-1005.0,-937.0,-56.0,136.0,247.0,338.0,0.252647,54975,2733,57708,92483.3,4597.7,0.002224
pancreas_256,512x512x89,0.7734x0.7734x2.5,0.7734,0.7734,2.5,RAS,-1024.0,1434.0,-661.75,476.71,-1024.0,-1024.0,-1024.0,-1005.0,-965.0,-102.0,179.0,292.0,382.1,0.264266,34905,3584,38489,52201.0,5359.9,0.00165
pancreas_259,512x512x88,0.8438x0.8438x2.5,0.8438,0.8438,2.5,RAS,-1024.0,2363.0,-605.553,481.722,-1024.0,-1024.0,-1024.0,-1017.0,-944.0,-93.0,136.0,243.0,335.1,0.346773,24678,3593,28271,43921.5,6394.8,0.001226
pancreas_262,512x512x76,0.752x0.752x2.5,0.752,0.752,2.5,RAS,-1024.0,1543.0,-663.021,477.438,-1024.0,-1024.0,-1024.0,-1008.0,-964.0,-90.0,176.0,249.0,295.0,0.30975,31880,3750,35630,45065.0,5300.9,0.001788
pancreas_265,512x512x81,0.834x0.834x2.5,0.834,0.834,2.5,RAS,-1024.0,1437.0,-687.113,466.462,-1024.0,-1024.0,-1024.0,-1009.0,-982.0,-111.0,176.0,290.0,392.4,0.325128,35436,526,35962,61616.9,914.6,0.001694
pancreas_266,512x512x97,0.8984x0.8984x2.5,0.8984,0.8984,2.5,RAS,-1024.0,2049.0,-684.043,464.024,-1024.0,-1024.0,-1024.0,-1012.0,-981.0,-104.0,116.0,292.0,444.0,0.325903,33836,6737,40573,68280.3,13595.1,0.001596
pancreas_268,512x512x67,0.7363x0.7363x2.5,0.7363,0.7363,2.5,RAS,-1024.0,1853.0,-668.011,474.443,-1024.0,-1024.0,-1024.0,-1005.0,-958.0,-89.0,169.0,248.0,374.2,0.275099,21482,4682,26164,29117.7,6346.2,0.00149
pancreas_269,512x512x113,0.7773x0.7773x2.5,0.7773,0.7773,2.5,RAS,-1024.0,1492.0,-557.997,503.081,-1024.0,-1024.0,-1024.0,-1013.0,-905.0,-19.0,142.0,299.0,457.0,0.305576,68941,5067,74008,104146.4,7654.5,0.002498
pancreas_270,512x512x87,0.8008x0.8008x2.5,0.8008,0.8008,2.5,RAS,-1024.0,2170.0,-562.101,486.711,-1024.0,-1024.0,-1024.0,-1005.0,-921.0,-74.0,132.0,304.0,473.1,0.252785,32855,1731,34586,52670.7,2775.0,0.001516
pancreas_275,512x512x105,0.75x0.75x2.5,0.75,0.75,2.5,RAS,-1024.0,3071.0,-502.002,507.016,-1024.0,-1024.0,-1024.0,-1005.0,-818.0,-8.0,149.0,335.6,553.9,0.248281,42769,10961,53730,60143.9,15413.9,0.001952
pancreas_277,512x512x109,0.9512x0.9512x2.5,0.9512,0.9512,2.5,RAS,-1024.0,2609.0,-660.931,452.233,-1024.0,-1024.0,-1024.0,-1024.0,-965.0,-115.0,96.0,211.0,337.0,0.338817,35997,3028,39025,81418.7,6848.8,0.001366
pancreas_278,512x512x100,0.8809x0.8809x2.5,0.8809,0.8809,2.5,RAS,-1024.0,1403.0,-509.27,492.219,-1024.0,-1024.0,-1024.0,-1016.0,-840.0,-48.0,118.0,286.0,435.0,0.270293,29379,5089,34468,56988.8,9871.5,0.001315
pancreas_280,512x512x97,0.9277x0.9277x2.5,0.9277,0.9277,2.5,RAS,-1024.0,3071.0,-702.635,450.306,-1024.0,-1024.0,-1024.0,-1024.0,-990.0,-121.0,121.0,238.0,297.0,0.362059,50407,1476,51883,108462.1,3175.9,0.00204
pancreas_283,512x512x107,0.709x0.709x2.5,0.709,0.709,2.5,RAS,-1024.0,1627.0,-561.491,518.142,-1024.0,-1024.0,-1024.0,-1008.0,-947.0,30.0,161.0,392.0,573.9,0.280958,42683,7232,49915,53637.4,9088.1,0.00178
pancreas_284,512x512x85,0.7539x0.7539x2.5,0.7539,0.7539,2.5,RAS,-1024.0,1666.0,-545.994,506.014,-1024.0,-1024.0,-1024.0,-1007.0,-899.0,8.0,160.0,289.0,419.0,0.255445,70684,2599,73283,100437.4,3693.0,0.003289
pancreas_285,512x512x113,0.832x0.832x2.5,0.832,0.832,2.5,RAS,-1024.0,3071.0,-518.811,492.522,-1024.0,-1024.0,-1024.0,-1015.0,-869.0,-52.0,121.0,274.0,434.0,0.268083,30846,1389,32235,53384.8,2403.9,0.001088
pancreas_289,512x512x96,0.6875x0.6875x2.5,0.6875,0.6875,2.5,RAS,-1024.0,3071.0,-538.424,519.535,-1024.0,-1024.0,-1024.0,-1008.0,-907.0,6.0,156.0,447.1,683.7,0.265618,59448,4550,63998,70246.2,5376.5,0.002543
pancreas_290,512x512x97,0.916x0.916x2.5,0.916,0.916,2.5,RAS,-1024.0,1393.0,-682.202,458.298,-1024.0,-1024.0,-1024.0,-1015.0,-981.0,-111.0,149.0,274.0,367.7,0.302188,29162,3521,32683,61173.5,7386.0,0.001285
pancreas_291,512x512x97,0.916x0.916x2.5,0.916,0.916,2.5,RAS,-1024.0,1393.0,-682.202,458.298,-1024.0,-1024.0,-1024.0,-1015.0,-981.0,-111.0,149.0,274.0,367.7,0.302188,28748,4443,33191,60305.1,9320.1,0.001305
pancreas_292,512x512x93,0.8359x0.8359x2.5,0.8359,0.8359,2.5,RAS,-1024.0,3071.0,-486.845,483.772,-1024.0,-1024.0,-1024.0,-1004.0,-670.0,-51.0,119.0,293.0,467.0,0.243221,43279,5127,48406,75607.6,8956.8,0.001986
pancreas_293,512x512x107,0.8945x0.8945x2.5,0.8945,0.8945,2.5,RAS,-1024.0,1402.0,-532.382,491.234,-1024.0,-1024.0,-1024.0,-1014.0,-879.0,-54.0,131.0,279.0,384.9,0.266999,49419,2893,52312,98861.0,5787.3,0.001865
pancreas_295,512x512x105,0.8125x0.8125x2.5,0.8125,0.8125,2.5,RAS,-1024.0,3071.0,-546.616,497.459,-1024.0,-1024.0,-1024.0,-1008.0,-883.0,-33.0,134.0,321.0,527.3,0.26441,40436,1849,42285,66735.2,3051.6,0.001536
pancreas_296,512x512x43,0.9766x0.9766x5.0,0.9766,0.9766,5.0,RAS,-1024.0,1141.0,-557.084,479.718,-1024.0,-1024.0,-1024.0,-1024.0,-906.0,-79.0,71.0,191.0,298.3,0.310645,29221,932,30153,139336.4,4444.1,0.002675
pancreas_297,512x512x101,0.9023x0.9023x2.5,0.9023,0.9023,2.5,RAS,-1024.0,1340.0,-588.202,477.973,-1024.0,-1024.0,-1024.0,-1013.0,-910.0,-83.0,102.0,238.6,378.3,0.295751,27395,2232,29627,55764.2,4543.4,0.001119
pancreas_298,512x512x93,0.8652x0.8652x2.5,0.8652,0.8652,2.5,RAS,-1024.0,3071.0,-612.282,475.531,-1024.0,-1024.0,-1024.0,-1010.0,-931.0,-90.0,102.0,234.0,351.7,0.299316,23814,4280,28094,44569.7,8010.3,0.001152
pancreas_299,512x512x83,0.6836x0.6836x2.5,0.6836,0.6836,2.5,RAS,-1024.0,3071.0,-605.672,490.854,-1024.0,-1024.0,-1024.0,-1006.0,-923.0,-36.0,170.0,291.0,372.4,0.265866,72850,5280,78130,85107.1,6168.4,0.003591
pancreas_300,512x512x85,0.8672x0.8672x2.5,0.8672,0.8672,2.5,RAS,-1024.0,1842.0,-689.106,459.104,-1024.0,-1024.0,-1024.0,-1009.0,-985.0,-110.0,125.0,241.0,357.0,0.308926,40522,2182,42704,76182.9,4102.2,0.001917
pancreas_301,512x512x83,0.834x0.834x2.5,0.834,0.834,2.5,RAS,-1024.0,3071.0,-599.036,499.587,-1024.0,-1024.0,-1024.0,-1011.0,-950.0,-36.0,153.0,306.0,450.0,0.293803,17838,1024,18862,31017.1,1780.6,0.000867
pancreas_302,512x512x83,0.9473x0.9473x2.5,0.9473,0.9473,2.5,RAS,-1024.0,1334.0,-634.287,479.08,-1024.0,-1024.0,-1024.0,-1024.0,-974.0,-93.0,137.0,217.0,310.0,0.336605,53798,1624,55422,120684.1,3643.1,0.002547
pancreas_304,512x512x93,0.7227x0.7227x2.5,0.7227,0.7227,2.5,RAS,-1024.0,1449.0,-599.851,489.948,-1024.0,-1024.0,-1024.0,-1009.0,-920.0,-68.0,153.0,288.0,419.0,0.302701,26862,872,27734,35070.5,1138.5,0.001138
pancreas_308,512x512x113,0.9629x0.9629x2.5,0.9629,0.9629,2.5,RAS,-1024.0,1468.0,-614.809,474.77,-1024.0,-1024.0,-1024.0,-1011.0,-957.0,-99.0,113.0,205.0,428.5,0.318513,51014,880,51894,118245.2,2039.8,0.001752
pancreas_309,512x512x95,0.7793x0.7793x2.5,0.7793,0.7793,2.5,RAS,-1024.0,1596.0,-511.572,503.076,-1024.0,-1024.0,-1024.0,-1006.0,-867.0,7.0,122.0,332.0,507.7,0.251814,39133,5093,44226,59414.1,7732.5,0.001776
pancreas_310,512x512x81,0.9219x0.9219x2.5,0.9219,0.9219,2.5,RAS,-1024.0,2980.0,-623.793,470.264,-1024.0,-1024.0,-1024.0,-1010.0,-938.0,-81.0,93.0,208.0,338.0,0.30434,14904,1731,16635,31665.5,3677.7,0.000783
pancreas_311,512x512x87,0.7656x0.7656x2.5,0.7656,0.7656,2.5,RAS,-1024.0,3071.0,-571.296,488.455,-1024.0,-1024.0,-1024.0,-1006.0,-887.0,-54.0,143.0,267.0,382.1,0.259731,38390,5039,43429,56258.8,7384.4,0.001904
pancreas_312,512x512x75,0.9277x0.9277x2.5,0.9277,0.9277,2.5,RAS,-1024.0,1790.0,-716.013,446.623,-1024.0,-1024.0,-1024.0,-1024.0,-990.0,-313.0,130.0,217.0,339.0,0.345958,15785,1729,17514,33965.0,3720.3,0.000891
pancreas_313,512x512x95,0.8203x0.8203x2.5,0.8203,0.8203,2.5,RAS,-1024.0,1308.0,-574.55,501.42,-1024.0,-1024.0,-1024.0,-1010.0,-926.0,-10.0,136.0,245.0,409.7,0.307389,40077,2008,42085,67420.7,3378.0,0.00169
pancreas_315,512x512x93,0.8555x0.8555x2.5,0.8555,0.8555,2.5,RAS,-1024.0,1397.0,-662.867,466.379,-1024.0,-1024.0,-1024.0,-1009.0,-979.0,-101.0,140.0,253.0,294.0,0.309779,36531,3262,39793,66835.9,5968.1,0.001632
pancreas_316,512x512x89,0.7246x0.7246x2.5,0.7246,0.7246,2.5,RAS,-1024.0,3071.0,-545.956,485.656,-1024.0,-1024.0,-1024.0,-1005.0,-890.0,-80.0,141.0,275.0,344.1,0.258986,26817,1099,27916,35201.2,1442.6,0.001197
pancreas_320,512x512x91,0.7422x0.7422x2.5,0.7422,0.7422,2.5,RAS,-1024.0,2151.0,-531.656,496.631,-1024.0,-1024.0,-1024.0,-1003.0,-873.0,-22.0,139.0,307.0,457.2,0.241748,54314,2399,56713,74796.2,3303.7,0.002377
pancreas_321,512x512x117,0.8945x0.8945x2.5,0.8945,0.8945,2.5,RAS,-1024.0,2288.0,-531.889,477.93,-1024.0,-1024.0,-1024.0,-1007.0,-864.0,-89.0,98.0,250.0,415.0,0.261622,29443,433,29876,58899.7,866.2,0.000974
pancreas_323,512x512x95,0.959x0.959x2.5,0.959,0.959,2.5,RAS,-1024.0,3071.0,-701.2,450.166,-1024.0,-1024.0,-1024.0,-1024.0,-991.0,-112.0,121.0,225.0,293.0,0.357586,40643,1639,42282,93443.4,3768.3,0.001698
pancreas_325,512x512x93,0.7422x0.7422x2.5,0.7422,0.7422,2.5,RAS,-1024.0,3071.0,-528.747,487.7,-1024.0,-1024.0,-1024.0,-1004.0,-867.0,-70.0,144.0,263.0,365.0,0.243347,44380,1527,45907,61116.0,2102.8,0.001883
pancreas_326,512x512x89,0.9512x0.9512x2.5,0.9512,0.9512,2.5,RAS,-1024.0,1598.0,-564.362,479.627,-1024.0,-1024.0,-1024.0,-1015.0,-905.0,-76.0,91.0,167.0,300.0,0.277236,24473,2629,27102,55353.5,5946.3,0.001162
pancreas_328,512x512x95,0.9766x0.9766x2.5,0.9766,0.9766,2.5,RAS,-1024.0,3071.0,-584.685,482.971,-1024.0,-1024.0,-1024.0,-1024.0,-911.0,-79.0,82.0,239.0,483.0,0.306131,24099,491,24590,57456.4,1170.6,0.000987
pancreas_330,512x512x89,0.8125x0.8125x2.5,0.8125,0.8125,2.5,RAS,-1024.0,2769.0,-569.652,493.023,-1024.0,-1024.0,-1024.0,-1008.0,-920.0,-65.0,130.0,254.1,432.0,0.295351,20393,4549,24942,33656.4,7507.6,0.001069
pancreas_333,512x512x97,0.9766x0.9766x2.5,0.9766,0.9766,2.5,RAS,-1024.0,1314.0,-596.796,483.129,-1024.0,-1024.0,-1024.0,-1024.0,-948.0,-69.0,105.0,222.0,343.7,0.308342,36442,4784,41226,86884.4,11405.9,0.001621
pancreas_334,512x512x91,0.752x0.752x2.5,0.752,0.752,2.5,RAS,-1024.0,1790.0,-699.125,459.886,-1024.0,-1024.0,-1024.0,-1007.0,-973.0,-189.0,171.0,275.0,393.1,0.310312,31748,779,32527,44878.4,1101.2,0.001364
pancreas_336,512x512x92,0.8594x0.8594x2.5,0.8594,0.8594,2.5,RAS,-1024.0,1333.0,-605.103,479.092,-1024.0,-1024.0,-1024.0,-1010.0,-902.0,-82.0,118.0,270.0,451.0,0.290021,33873,2983,36856,62540.2,5507.6,0.001528
pancreas_342,512x512x117,0.8184x0.8184x2.5,0.8184,0.8184,2.5,RAS,-1024.0,3071.0,-601.604,485.718,-1024.0,-1024.0,-1024.0,-1008.0,-920.0,-65.0,124.0,254.0,388.0,0.295982,68334,1296,69630,114410.2,2169.9,0.00227
pancreas_343,512x512x86,0.7793x0.7793x2.5,0.7793,0.7793,2.5,RAS,-1024.0,1467.0,-587.349,493.047,-1024.0,-1024.0,-1024.0,-1007.0,-896.0,-34.0,128.0,279.0,462.0,0.27746,16536,632,17168,25105.9,959.5,0.000762
pancreas_344,512x512x112,0.7715x0.7715x2.5,0.7715,0.7715,2.5,RAS,-1024.0,2408.0,-548.224,488.264,-1024.0,-1024.0,-1024.0,-1004.0,-890.0,-45.0,134.0,245.0,376.0,0.251897,30973,2569,33542,46086.9,3822.6,0.001142
pancreas_345,512x512x84,0.8398x0.8398x2.5,0.8398,0.8398,2.5,RAS,-1024.0,3071.0,-633.046,481.785,-1024.0,-1024.0,-1024.0,-1007.0,-955.0,-65.0,132.0,254.0,416.9,0.304854,35228,1195,36423,62119.1,2107.2,0.001654
pancreas_346,512x512x103,0.8613x0.8613x2.5,0.8613,0.8613,2.5,RAS,-1024.0,1771.0,-577.222,494.595,-1024.0,-1024.0,-1024.0,-1009.0,-906.0,-34.0,104.0,361.0,546.3,0.282645,12535,688,13223,23248.9,1276.0,0.00049
pancreas_348,512x512x89,0.7422x0.7422x2.5,0.7422,0.7422,2.5,RAS,-1024.0,2811.0,-533.313,495.199,-1024.0,-1024.0,-1024.0,-1006.0,-874.0,-28.0,146.0,293.0,460.0,0.262754,33372,1190,34562,45956.8,1638.8,0.001481
pancreas_350,512x512x89,0.7266x0.7266x2.5,0.7266,0.7266,2.5,RAS,-1024.0,1583.0,-491.163,503.01,-1024.0,-1024.0,-1024.0,-1004.0,-808.0,7.0,165.0,282.0,428.1,0.244115,46921,1573,48494,61923.1,2075.9,0.002079
pancreas_354,512x512x81,0.8301x0.8301x5.0,0.8301,0.8301,5.0,RAS,-1024.0,1568.0,-570.453,499.29,-1024.0,-1024.0,-1024.0,-1024.0,-931.5,-84.0,113.0,365.0,558.9,0.430223,13834,4678,18512,47660.2,16116.4,0.000872
pancreas_355,512x512x86,0.7031x0.7031x5.0,0.7031,0.7031,5.0,RAS,-1024.0,2871.0,-609.42,497.278,-1024.0,-1024.0,-1024.0,-1017.0,-949.0,-60.0,134.0,367.1,497.1,0.368391,41883,4359,46242,103531.6,10775.1,0.002051
pancreas_356,512x512x84,0.6777x0.6777x5.0,0.6777,0.6777,5.0,RAS,-1024.0,1502.0,-468.681,517.374,-1024.0,-1024.0,-1024.0,-1004.0,-454.0,36.0,185.0,438.0,549.4,0.26877,48396,2205,50601,111147.1,5064.0,0.002298
pancreas_358,512x512x89,0.7285x0.7285x5.0,0.7285,0.7285,5.0,RAS,-1024.0,1931.0,-505.031,511.024,-1024.0,-1024.0,-1024.0,-1011.0,-851.5,7.0,141.0,414.0,591.0,0.28409,33694,1009,34703,89413.0,2677.6,0.001487
pancreas_360,512x512x40,0.8184x0.8184x7.5,0.8184,0.8184,7.5,RAS,-1024.0,2701.0,-582.937,485.461,-1024.0,-1024.0,-1024.0,-1010.0,-956.0,-81.0,116.0,245.0,312.0,0.377175,13839,1055,14894,69511.0,5299.1,0.00142
pancreas_361,512x512x68,0.625x0.625x5.0,0.625,0.625,5.0,RAS,-1024.0,1564.0,-470.02,512.08,-1024.0,-1024.0,-1024.0,-1005.0,-684.5,13.0,175.0,449.4,592.2,0.249306,36556,1192,37748,71398.4,2328.1,0.002118
pancreas_362,512x512x48,0.7031x0.7031x5.0,0.7031,0.7031,5.0,RAS,-1024.0,3071.0,-433.73,480.756,-1024.0,-1024.0,-1024.0,-1002.0,-107.0,-57.0,112.0,312.0,439.3,0.23653,33202,3037,36239,82072.8,7507.2,0.00288
pancreas_364,512x512x89,0.7031x0.7031x2.5,0.7031,0.7031,2.5,RAS,-1024.0,1537.0,-551.734,500.599,-1024.0,-1024.0,-1024.0,-1006.0,-903.0,-20.0,169.0,318.0,383.0,0.249042,76875,23203,100078,95014.6,28678.0,0.00429
pancreas_366,512x512x121,0.8828x0.8828x2.5,0.8828,0.8828,2.5,RAS,-1024.0,1273.0,-539.921,487.41,-1024.0,-1024.0,-1024.0,-1008.0,-880.0,-65.0,123.0,249.0,401.2,0.264087,65053,2487,67540,126748.8,4845.7,0.002129
pancreas_367,512x512x104,0.8633x0.8633x2.5,0.8633,0.8633,2.5,RAS,-1024.0,1270.0,-556.126,483.095,-1024.0,-1024.0,-1024.0,-1009.0,-880.0,-78.0,131.0,229.0,310.0,0.271372,61812,5998,67810,115164.1,11175.1,0.002487
pancreas_369,512x512x97,0.9766x0.9766x2.5,0.9766,0.9766,2.5,RAS,-1024.0,2772.0,-536.187,485.781,-1024.0,-1024.0,-1024.0,-1024.0,-887.0,-67.0,96.0,203.4,376.4,0.315952,58604,2443,61047,139722.7,5824.6,0.002401
pancreas_370,512x512x91,0.6758x0.6758x5.0,0.6758,0.6758,5.0,RAS,-1024.0,1448.0,-436.05,489.367,-1016.0,-1013.0,-1006.0,-994.0,-117.0,-13.0,113.6,354.0,539.1,0.13482,26506,64032,90538,60523.8,146210.7,0.003795
pancreas_372,512x512x93,0.9766x0.9766x2.5,0.9766,0.9766,2.5,RAS,-1024.0,1341.0,-667.525,464.201,-1024.0,-1024.0,-1024.0,-1024.0,-981.0,-93.0,103.0,185.4,279.0,0.355635,53062,11448,64510,126509.5,27294.1,0.002646
pancreas_375,512x512x117,0.8984x0.8984x2.5,0.8984,0.8984,2.5,RAS,-1024.0,1376.0,-595.52,485.264,-1024.0,-1024.0,-1024.0,-1008.0,-927.0,-66.0,115.0,244.0,428.0,0.280294,68848,2668,71516,138933.7,5384.0,0.002332
pancreas_377,512x512x55,0.8633x0.8633x5.0,0.8633,0.8633,5.0,RAS,-1024.0,3071.0,-635.987,491.485,-1024.0,-1024.0,-1024.0,-1008.0,-968.0,-66.0,124.0,377.0,526.0,0.311024,10549,12934,23483,39308.4,48195.6,0.001629
pancreas_378,512x512x93,0.7402x0.7402x2.5,0.7402,0.7402,2.5,RAS,-1024.0,1645.0,-551.537,484.795,-1024.0,-1024.0,-1024.0,-1006.0,-890.0,-82.0,138.0,253.0,338.7,0.264082,49853,868,50721,68291.9,1189.0,0.00208
pancreas_379,512x512x384,0.6953x0.6953x1.25,0.6953,0.6953,1.25,RAS,-1024.0,3071.0,-428.465,497.337,-1024.0,-1024.0,-1024.0,-1016.0,-122.0,-28.0,118.0,419.0,601.0,0.276269,85388,11885,97273,51602.0,7182.4,0.000966
pancreas_380,512x512x63,0.8926x0.8926x5.0,0.8926,0.8926,5.0,RAS,-1024.0,1286.0,-674.549,456.977,-1024.0,-1024.0,-1024.0,-1009.0,-983.0,-111.0,145.0,286.0,377.6,0.296054,18188,7372,25560,72451.5,29366.2,0.001548
pancreas_382,512x512x111,0.8164x0.8164x2.5,0.8164,0.8164,2.5,RAS,-1024.0,1516.0,-658.545,462.132,-1024.0,-1024.0,-1024.0,-1008.0,-953.0,-101.0,120.0,242.0,323.0,0.300854,52671,1483,54154,87765.5,2471.1,0.001861
pancreas_385,512x512x49,0.8398x0.8398x5.0,0.8398,0.8398,5.0,RAS,-1024.0,1410.0,-685.007,469.128,-1024.0,-1024.0,-1024.0,-1007.0,-984.0,-106.8,175.0,304.0,453.0,0.332937,18438,12754,31192,65025.1,44979.4,0.002428
pancreas_386,512x512x81,0.7617x0.7617x2.5,0.7617,0.7617,2.5,RAS,-1024.0,1336.0,-627.458,486.673,-1024.0,-1024.0,-1024.0,-1008.0,-931.0,-24.0,144.4,236.0,316.0,0.285469,56077,1161,57238,81341.9,1684.1,0.002696
pancreas_387,512x512x50,0.7812x0.7812x5.0,0.7812,0.7812,5.0,RAS,-1052.0,1199.0,-554.633,496.905,-1024.0,-1024.0,-1024.0,-1004.0,-904.0,-26.0,150.0,272.9,354.0,0.254007,18371,22847,41218,56063.8,69723.5,0.003145
pancreas_392,512x512x57,0.7031x0.7031x5.0,0.7031,0.7031,5.0,RAS,-1024.0,1345.0,-483.879,519.944,-1024.0,-1024.0,-1024.0,-1005.0,-818.0,48.0,172.8,475.0,589.0,0.260306,31100,914,32014,76876.8,2259.3,0.002143
pancreas_395,512x512x142,0.7773x0.7773x3.0,0.7773,0.7773,3.0,RAS,-1024.0,2705.0,-567.993,485.639,-1024.0,-1024.0,-1010.0,-1000.0,-911.0,-83.0,104.0,345.0,483.0,0.236285,36593,1113,37706,66335.5,2017.6,0.001013
pancreas_398,512x512x103,0.9297x0.9297x2.5,0.9297,0.9297,2.5,RAS,-1024.0,3071.0,-615.422,474.734,-1024.0,-1024.0,-1024.0,-1024.0,-940.0,-99.0,119.0,248.6,422.0,0.291452,27040,401,27441,58428.0,866.5,0.001016
pancreas_399,512x512x58,0.9375x0.9375x5.0,0.9375,0.9375,5.0,RAS,-1024.0,3071.0,-617.325,478.214,-1024.0,-1024.0,-1024.0,-1008.0,-956.0,-91.0,122.0,289.2,373.0,0.308748,14659,2682,17341,64419.4,11786.1,0.001141
pancreas_400,512x512x107,0.9668x0.9668x2.5,0.9668,0.9668,2.5,RAS,-1024.0,1346.0,-551.855,476.026,-1024.0,-1024.0,-1024.0,-1011.0,-897.0,-90.0,86.0,175.0,264.9,0.290264,47965,2626,50591,112081.8,6136.3,0.001804
pancreas_401,512x512x120,0.7227x0.7227x3.75,0.7227,0.7227,3.75,RAS,-2048.0,1505.0,-694.194,810.316,-2048.0,-2048.0,-2048.0,-1002.0,-405.0,-73.0,140.0,357.0,506.2,0.239316,21109,3728,24837,41339.2,7300.8,0.00079
pancreas_402,512x512x134,0.726x0.726x3.0,0.726,0.726,3.0,RAS,-2048.0,1911.0,-743.257,804.73,-2048.0,-2048.0,-2048.0,-1012.0,-885.0,-68.0,110.0,335.8,494.4,0.296785,43304,1302,44606,68473.5,2058.8,0.00127
pancreas_404,512x512x105,0.8789x0.8789x2.5,0.8789,0.8789,2.5,RAS,-1024.0,1281.0,-542.475,482.518,-1024.0,-1024.0,-1024.0,-1008.0,-882.0,-82.0,114.0,218.0,337.0,0.271099,31535,1272,32807,60900.1,2456.5,0.001192
pancreas_405,512x512x89,0.8105x0.8105x2.5,0.8105,0.8105,2.5,RAS,-1024.0,1378.0,-699.189,461.286,-1024.0,-1024.0,-1024.0,-1008.0,-980.0,-260.0,153.0,308.0,454.0,0.316406,49813,3601,53414,81816.2,5914.5,0.002289
pancreas_406,512x512x72,0.8926x0.8926x3.0,0.8926,0.8926,3.0,RAS,-1024.0,1342.0,-501.198,487.94,-1024.0,-1024.0,-1024.0,-1003.0,-757.0,-75.0,88.0,315.7,415.8,0.26119,49005,1726,50731,117126.2,4125.3,0.002688
pancreas_409,512x512x751,0.7871x0.7871x0.7,0.7871,0.7871,0.7,RAS,-2048.0,3071.0,-711.919,811.797,-2048.0,-2048.0,-2048.0,-1005.0,-799.0,4.0,106.0,365.0,560.0,0.252307,233567,324028,557595,101294.7,140526.4,0.002832
pancreas_410,512x512x101,0.7031x0.7031x2.5,0.7031,0.7031,2.5,RAS,-1024.0,1409.0,-577.056,502.4,-1024.0,-1024.0,-1024.0,-1004.0,-937.0,-32.0,151.0,305.0,486.0,0.257417,62837,6964,69801,77664.1,8607.2,0.002636
pancreas_412,512x512x164,0.916x0.916x3.0,0.916,0.916,3.0,RAS,-1024.0,1396.0,-578.572,482.968,-1024.0,-1024.0,-1024.0,-1007.0,-936.0,-87.0,88.0,289.0,410.0,0.286185,30455,5069,35524,76663.0,12760.0,0.000826
pancreas_413,512x512x85,0.7812x0.7812x2.5,0.7812,0.7812,2.5,RAS,-1024.0,1385.0,-556.571,504.008,-1024.0,-1024.0,-1024.0,-1008.0,-906.0,-15.0,140.0,316.0,507.1,0.276975,45721,3490,49211,69764.7,5325.3,0.002209
pancreas_415,512x512x61,0.8789x0.8789x5.0,0.8789,0.8789,5.0,RAS,-1024.0,1149.0,-476.057,481.914,-1024.0,-1024.0,-1024.0,-1000.0,-590.5,-22.0,96.0,260.0,373.6,0.231304,35007,189621,224628,135210.3,732388.1,0.014047
pancreas_416,512x512x116,0.9219x0.9219x4.0,0.9219,0.9219,4.0,RAS,-1024.0,1490.0,-609.856,480.451,-1024.0,-1024.0,-1024.0,-1002.0,-953.0,-88.0,95.0,286.0,391.5,0.27055,21809,2828,24637,74138.4,9613.6,0.00081
pancreas_418,512x512x44,0.7031x0.7031x5.0,0.7031,0.7031,5.0,RAS,-1024.0,1215.0,-457.362,523.963,-1024.0,-1024.0,-1024.0,-1022.0,-529.0,54.0,160.0,349.7,474.3,0.340657,29415,1102,30517,72711.6,2724.1,0.002646
pancreas_419,512x512x44,0.9375x0.9375x5.0,0.9375,0.9375,5.0,RAS,-1024.0,1413.0,-761.298,425.757,-1024.0,-1024.0,-1024.0,-1010.0,-991.0,-871.0,131.0,247.0,350.7,0.26883,17853,1414,19267,78455.6,6213.9,0.00167
pancreas_421,512x512x131,0.9727x0.9727x2.0,0.9727,0.9727,2.0,RAS,-1024.0,1401.0,-590.369,477.31,-1024.0,-1024.0,-1024.0,-1015.0,-940.0,-89.0,70.0,221.0,338.0,0.33933,49503,5470,54973,93665.6,10349.9,0.001601
