case_id,has_image,has_label,image_shape,mask_shape,ndim_image,ndim_mask,shapes_match,spacing,orientation,label_values,n_pancreas_voxels,n_tumor_voxels,empty_tumor,n_voxels_total,img_min,img_max,img_mean,img_std
pancreas_001,True,True,512x512x110,512x512x110,3,3,True,0.6445x0.6445x2.5,RAS,"0,1,2",39557,26153,False,28835840,-1024.0,3071.0,-450.0099,497.0185
pancreas_004,True,True,512x512x107,512x512x107,3,3,True,0.7422x0.7422x2.5,RAS,"0,1,2",71622,28448,False,28049408,-1024.0,2926.0,-503.1114,506.4222
pancreas_005,True,True,512x512x104,512x512x104,3,3,True,0.918x0.918x2.5,RAS,"0,1,2",71062,3609,False,27262976,-1024.0,2098.0,-623.3734,488.576
pancreas_006,True,True,512x512x101,512x512x101,3,3,True,0.7676x0.7676x2.5,RAS,"0,1,2",70046,9244,False,26476544,-1024.0,3071.0,-579.8209,494.3259
pancreas_010,True,True,512x512x174,512x512x174,3,3,True,0.9766x0.9766x1.5,RAS,"0,1,2",116491,53193,False,45613056,-1024.0,2350.0,-514.0416,494.4675
pancreas_012,True,True,512x512x97,512x512x97,3,3,True,0.7871x0.7871x2.5,RAS,"0,1,2",79727,8475,False,25427968,-1024.0,3071.0,-549.9695,497.2307
pancreas_015,True,True,512x512x87,512x512x87,3,3,True,0.7324x0.7324x2.5,RAS,"0,1,2",58307,6115,False,22806528,-1024.0,1642.0,-529.9124,506.8691
pancreas_016,True,True,512x512x85,512x512x85,3,3,True,0.7734x0.7734x2.5,RAS,"0,1,2",69590,6668,False,22282240,-1024.0,2549.0,-524.9736,501.3307
pancreas_018,True,True,512x512x87,512x512x87,3,3,True,0.6738x0.6738x2.5,RAS,"0,1,2",45129,7482,False,22806528,-1024.0,1930.0,-586.6543,506.1198
pancreas_019,True,True,512x512x85,512x512x85,3,3,True,0.8789x0.8789x2.5,RAS,"0,1,2",47794,3287,False,22282240,-1024.0,1384.0,-608.2771,484.0284
pancreas_021,True,True,512x512x93,512x512x93,3,3,True,0.8633x0.8633x2.5,RAS,"0,1,2",45809,5700,False,24379392,-1024.0,1349.0,-617.3591,483.933
pancreas_024,True,True,512x512x105,512x512x105,3,3,True,0.7949x0.7949x2.5,RAS,"0,1,2",68382,15672,False,27525120,-1024.0,3059.0,-520.3361,508.9363
pancreas_025,True,True,512x512x75,512x512x75,3,3,True,0.7012x0.7012x2.5,RAS,"0,1,2",85425,6556,False,19660800,-1024.0,3071.0,-557.1834,505.5546
pancreas_028,True,True,512x512x83,512x512x83,3,3,True,0.7969x0.7969x2.5,RAS,"0,1,2",80782,1248,False,21757952,-1024.0,2296.0,-662.6639,472.0682
pancreas_029,True,True,512x512x99,512x512x99,3,3,True,0.7812x0.7812x2.5,RAS,"0,1,2",113279,1167,False,25952256,-1024.0,2499.0,-502.3459,499.8506
pancreas_032,True,True,512x512x89,512x512x89,3,3,True,0.9238x0.9238x2.5,RAS,"0,1,2",43993,1880,False,23330816,-1024.0,1295.0,-718.2184,448.4614
pancreas_035,True,True,512x512x73,512x512x73,3,3,True,0.6133x0.6133x2.5,RAS,"0,1,2",47151,6002,False,19136512,-1024.0,1342.0,-498.7624,517.7668
pancreas_037,True,True,512x512x71,512x512x71,3,3,True,0.6445x0.6445x2.5,RAS,"0,1,2",75384,5418,False,18612224,-1024.0,2026.0,-555.8634,499.6283
pancreas_040,True,True,512x512x45,512x512x45,3,3,True,0.8242x0.8242x5.0,RAS,"0,1,2",48390,2839,False,11796480,-1024.0,1309.0,-493.9806,493.0981
pancreas_041,True,True,512x512x137,512x512x137,3,3,True,0.7988x0.7988x1.5,RAS,"0,1,2",141691,2112,False,35913728,-1024.0,3071.0,-564.7563,488.8697
pancreas_042,True,True,512x512x51,512x512x51,3,3,True,0.8418x0.8418x5.0,RAS,"0,1,2",33274,7367,False,13369344,-1024.0,1648.0,-582.3588,482.0184
pancreas_043,True,True,512x512x39,512x512x39,3,3,True,0.7461x0.7461x5.0,RAS,"0,1,2",40588,2592,False,10223616,-1024.0,1377.0,-541.6416,513.372
pancreas_045,True,True,512x512x41,512x512x41,3,3,True,0.8164x0.8164x5.0,RAS,"0,1,2",18468,2923,False,10747904,-1024.0,1333.0,-681.9036,448.9376
pancreas_046,True,True,512x512x103,512x512x103,3,3,True,0.7812x0.7812x2.5,RAS,"0,1,2",44388,5422,False,27000832,-1024.0,1375.0,-537.5118,499.1241
pancreas_048,True,True,512x512x121,512x512x121,3,3,True,0.9707x0.9707x2.5,RAS,"0,1,2",38600,5995,False,31719424,-1024.0,1303.0,-529.1731,484.9128
pancreas_049,True,True,512x512x87,512x512x87,3,3,True,0.8066x0.8066x2.5,RAS,"0,1,2",106621,4744,False,22806528,-1024.0,1328.0,-533.0543,488.9993
pancreas_050,True,True,512x512x85,512x512x85,3,3,True,0.7227x0.7227x2.5,RAS,"0,1,2",23545,3194,False,22282240,-1024.0,1720.0,-566.0012,494.9415
pancreas_051,True,True,512x512x99,512x512x99,3,3,True,0.8203x0.8203x2.5,RAS,"0,1,2",46994,1186,False,25952256,-1024.0,3071.0,-574.5813,491.7606
pancreas_052,True,True,512x512x89,512x512x89,3,3,True,0.6445x0.6445x2.5,RAS,"0,1,2",87703,2856,False,23330816,-1024.0,1432.0,-501.3724,515.1411
pancreas_055,True,True,512x512x96,512x512x96,3,3,True,0.8203x0.8203x2.5,RAS,"0,1,2",54931,1275,False,25165824,-1024.0,1663.0,-527.1053,487.7011
pancreas_056,True,True,512x512x84,512x512x84,3,3,True,0.7656x0.7656x2.5,RAS,"0,1,2",35272,2369,False,22020096,-1024.0,1730.0,-532.4433,496.6691
pancreas_058,True,True,512x512x91,512x512x91,3,3,True,0.9512x0.9512x5.0,RAS,"0,1,2",24351,2511,False,23855104,-1024.0,2976.0,-670.9413,469.9705
pancreas_061,True,True,512x512x93,512x512x93,3,3,True,0.8789x0.8789x2.5,RAS,"0,1,2",76123,4020,False,24379392,-1024.0,3071.0,-514.8757,489.0301
pancreas_064,True,True,512x512x93,512x512x93,3,3,True,0.8945x0.8945x2.5,RAS,"0,1,2",52283,9042,False,24379392,-1024.0,2344.0,-616.0266,478.5423
pancreas_066,True,True,512x512x96,512x512x96,3,3,True,0.8145x0.8145x5.0,RAS,"0,1,2",35986,4575,False,25165824,-1024.0,1392.0,-533.5649,504.8875
pancreas_067,True,True,512x512x103,512x512x103,3,3,True,0.8223x0.8223x2.5,RAS,"0,1,2",64207,1035,False,27000832,-1024.0,3071.0,-525.3557,508.1735
pancreas_069,True,True,512x512x97,512x512x97,3,3,True,0.7891x0.7891x5.0,RAS,"0,1,2",40346,12496,False,25427968,-1024.0,2026.0,-664.3306,477.2593
pancreas_070,True,True,512x512x106,512x512x106,3,3,True,0.8711x0.8711x2.5,RAS,"0,1,2",49396,20737,False,27787264,-1024.0,2831.0,-586.9364,484.0046
pancreas_071,True,True,512x512x87,512x512x87,3,3,True,0.7812x0.7812x5.0,RAS,"0,1,2",37385,23909,False,22806528,-1024.0,1422.0,-404.3393,481.7684
pancreas_074,True,True,512x512x37,512x512x37,3,3,True,0.7812x0.7812x5.0,RAS,"0,1,2",25241,2738,False,9699328,-1024.0,1349.0,-697.5947,457.4789
pancreas_075,True,True,512x512x121,512x512x121,3,3,True,0.8164x0.8164x1.25,RAS,"0,1,2",103877,12504,False,31719424,-1024.0,1804.0,-659.7193,471.6691
pancreas_077,True,True,512x512x81,512x512x81,3,3,True,0.8984x0.8984x2.5,RAS,"0,1,2",44353,5822,False,21233664,-1024.0,1560.0,-643.7886,472.3395
pancreas_078,True,True,512x512x76,512x512x76,3,3,True,0.709x0.709x2.5,RAS,"0,1,2",70014,1220,False,19922944,-1024.0,1585.0,-622.297,495.4944
pancreas_080,True,True,512x512x98,512x512x98,3,3,True,0.8066x0.8066x2.5,RAS,"0,1,2",44499,11123,False,25690112,-1024.0,1574.0,-521.8709,485.1459
pancreas_081,True,True,512x512x47,512x512x47,3,3,True,0.6445x0.6445x5.0,RAS,"0,1,2",23621,2782,False,12320768,-1024.0,1478.0,-379.1052,502.8232
pancreas_083,True,True,512x512x83,512x512x83,3,3,True,0.7695x0.7695x2.5,RAS,"0,1,2",75257,6939,False,21757952,-1024.0,1485.0,-612.3281,500.2541
pancreas_084,True,True,512x512x82,512x512x82,3,3,True,0.7285x0.7285x2.5,RAS,"0,1,2",76710,973,False,21495808,-1024.0,1423.0,-667.0233,482.4638
pancreas_086,True,True,512x512x51,512x512x51,3,3,True,0.8984x0.8984x2.5,RAS,"0,1,2",94204,1760,False,13369344,-1024.0,1286.0,-577.909,494.6869
pancreas_087,True,True,512x512x77,512x512x77,3,3,True,0.6445x0.6445x5.0,RAS,"0,1,2",40851,5012,False,20185088,-1024.0,2419.0,-500.1841,496.2269
pancreas_088,True,True,512x512x103,512x512x103,3,3,True,0.7637x0.7637x2.5,RAS,"0,1,2",119514,27046,False,27000832,-1024.0,1386.0,-567.1542,503.0915
pancreas_089,True,True,512x512x91,512x512x91,3,3,True,0.7773x0.7773x2.5,RAS,"0,1,2",56327,3810,False,23855104,-1024.0,3071.0,-531.0196,496.7804
pancreas_091,True,True,512x512x71,512x512x71,3,3,True,0.8164x0.8164x2.5,RAS,"0,1,2",63812,9299,False,18612224,-1024.0,3071.0,-579.6833,471.9422
pancreas_092,True,True,512x512x92,512x512x92,3,3,True,0.8047x0.8047x5.0,RAS,"0,1,2",31217,1507,False,24117248,-1024.0,2686.0,-485.8037,486.898
pancreas_093,True,True,512x512x97,512x512x97,3,3,True,0.9316x0.9316x3.0,RAS,"0,1,2",47723,5105,False,25427968,-1024.0,3071.0,-643.1602,478.3874
pancreas_094,True,True,512x512x84,512x512x84,3,3,True,0.7227x0.7227x2.5,RAS,"0,1,2",154295,13165,False,22020096,-1024.0,2180.0,-494.2173,513.9719
pancreas_095,True,True,512x512x93,512x512x93,3,3,True,0.752x0.752x2.5,RAS,"0,1,2",89136,4144,False,24379392,-1024.0,1349.0,-589.6476,481.7491
pancreas_096,True,True,512x512x108,512x512x108,3,3,True,0.9258x0.9258x2.5,RAS,"0,1,2",70118,14131,False,28311552,-1024.0,1352.0,-535.6355,482.3569
pancreas_098,True,True,512x512x147,512x512x147,3,3,True,0.9277x0.9277x2.5,RAS,"0,1,2",36549,6347,False,38535168,-1024.0,1240.0,-504.3791,476.7933
pancreas_099,True,True,512x512x48,512x512x48,3,3,True,0.7188x0.7188x5.0,RAS,"0,1,2",56057,4832,False,12582912,-1024.0,3071.0,-630.9921,480.8682
pancreas_100,True,True,512x512x98,512x512x98,3,3,True,0.8203x0.8203x2.5,RAS,"0,1,2",74858,7109,False,25690112,-1024.0,3071.0,-483.3182,506.0202
pancreas_101,True,True,512x512x98,512x512x98,3,3,True,0.7539x0.7539x5.0,RAS,"0,1,2",47602,3123,False,25690112,-1024.0,1493.0,-469.1761,494.1323
pancreas_102,True,True,512x512x92,512x512x92,3,3,True,0.793x0.793x2.5,RAS,"0,1,2",63305,2157,False,24117248,-1024.0,1685.0,-525.707,504.1525
pancreas_103,True,True,512x512x90,512x512x90,3,3,True,0.6621x0.6621x2.5,RAS,"0,1,2",56919,9221,False,23592960,-1024.0,3071.0,-543.0818,507.2397
pancreas_104,True,True,512x512x100,512x512x100,3,3,True,0.8984x0.8984x2.5,RAS,"0,1,2",32758,588,False,26214400,-1024.0,3071.0,-529.4465,477.3973
pancreas_105,True,True,512x512x98,512x512x98,3,3,True,0.7695x0.7695x5.0,RAS,"0,1,2",29309,1704,False,25690112,-1024.0,1443.0,-531.3531,493.2369
pancreas_106,True,True,512x512x55,512x512x55,3,3,True,0.7031x0.7031x3.75,RAS,"0,1,2",55718,1076,False,14417920,-1024.0,1291.0,-490.2199,497.8576
pancreas_107,True,True,512x512x102,512x512x102,3,3,True,0.7812x0.7812x2.5,RAS,"0,1,2",48770,2084,False,26738688,-1024.0,3071.0,-516.4582,474.0261
pancreas_109,True,True,512x512x99,512x512x99,3,3,True,0.7969x0.7969x2.5,RAS,"0,1,2",83593,1387,False,25952256,-1024.0,1704.0,-485.0625,498.917
pancreas_110,True,True,512x512x98,512x512x98,3,3,True,0.9766x0.9766x2.5,RAS,"0,1,2",72042,1074,False,25690112,-1024.0,3071.0,-615.0797,460.7073
pancreas_111,True,True,512x512x57,512x512x57,3,3,True,0.8418x0.8418x5.0,RAS,"0,1,2",34801,910,False,14942208,-1024.0,1324.0,-532.0496,504.221
pancreas_113,True,True,512x512x100,512x512x100,3,3,True,0.6895x0.6895x2.5,RAS,"0,1,2",94511,18965,False,26214400,-1024.0,3071.0,-514.2497,487.2943
pancreas_114,True,True,512x512x98,512x512x98,3,3,True,0.707x0.707x2.5,RAS,"0,1,2",82200,5030,False,25690112,-1024.0,1708.0,-538.264,505.0392
pancreas_117,True,True,512x512x134,512x512x134,3,3,True,0.6602x0.6602x3.0,RAS,"0,1,2",83407,3948,False,35127296,-1024.0,1504.0,-470.0348,500.8923
pancreas_119,True,True,512x512x85,512x512x85,3,3,True,0.8984x0.8984x2.5,RAS,"0,1,2",51646,7572,False,22282240,-1024.0,1417.0,-668.7444,461.5943
pancreas_120,True,True,512x512x104,512x512x104,3,3,True,0.6836x0.6836x4.0,RAS,"0,1,2",25158,454,False,27262976,-1024.0,1512.0,-536.626,500.3833
pancreas_122,True,True,512x512x97,512x512x97,3,3,True,0.791x0.791x2.5,RAS,"0,1,2",36878,4516,False,25427968,-1024.0,1666.0,-526.7283,502.6039
pancreas_124,True,True,512x512x82,512x512x82,3,3,True,0.9512x0.9512x2.5,RAS,"0,1,2",45115,15567,False,21495808,-1024.0,1576.0,-550.7116,487.7427
pancreas_125,True,True,512x512x102,512x512x102,3,3,True,0.9316x0.9316x2.5,RAS,"0,1,2",78343,3615,False,26738688,-1024.0,1487.0,-555.1168,478.8438
pancreas_126,True,True,512x512x73,512x512x73,3,3,True,0.7344x0.7344x2.5,RAS,"0,1,2",99700,5235,False,19136512,-1024.0,1569.0,-654.7895,475.3534
pancreas_127,True,True,512x512x126,512x512x126,3,3,True,0.8691x0.8691x2.5,RAS,"0,1,2",97983,5075,False,33030144,-1024.0,1364.0,-518.3016,492.7678
pancreas_129,True,True,512x512x44,512x512x44,3,3,True,0.7305x0.7305x5.0,RAS,"0,1,2",31014,1966,False,11534336,-1024.0,1202.0,-556.3455,477.1518
pancreas_130,True,True,512x512x130,512x512x130,3,3,True,0.6562x0.6562x3.0,RAS,"0,1,2",67774,2175,False,34078720,-1024.0,1551.0,-477.3826,500.0044
pancreas_131,True,True,512x512x59,512x512x59,3,3,True,0.8027x0.8027x2.5,RAS,"0,1,2",111888,5261,False,15466496,-1024.0,1315.0,-458.3016,508.8836
pancreas_135,True,True,512x512x60,512x512x60,3,3,True,0.7227x0.7227x5.0,RAS,"0,1,2",53748,4070,False,15728640,-1024.0,1271.0,-462.8325,502.4395
pancreas_137,True,True,512x512x85,512x512x85,3,3,True,0.8398x0.8398x2.5,RAS,"0,1,2",61155,3547,False,22282240,-1024.0,1461.0,-574.4124,490.6247
pancreas_138,True,True,512x512x95,512x512x95,3,3,True,0.9375x0.9375x2.5,RAS,"0,1,2",53258,9006,False,24903680,-1024.0,3071.0,-576.5133,493.0149
pancreas_140,True,True,512x512x56,512x512x56,3,3,True,0.8203x0.8203x5.0,RAS,"0,1,2",15394,3931,False,14680064,-1024.0,1862.0,-591.9741,481.8107
pancreas_145,True,True,512x512x93,512x512x93,3,3,True,0.9375x0.9375x2.5,RAS,"0,1,2",43665,1580,False,24379392,-1024.0,1934.0,-700.5027,444.6511
pancreas_147,True,True,512x512x85,512x512x85,3,3,True,0.7324x0.7324x2.5,RAS,"0,1,2",69919,880,False,22282240,-1024.0,1567.0,-509.1273,495.9126
pancreas_148,True,True,512x512x42,512x512x42,3,3,True,0.7617x0.7617x5.0,RAS,"0,1,2",24240,1438,False,11010048,-1024.0,1596.0,-533.8984,496.7432
pancreas_149,True,True,512x512x77,512x512x77,3,3,True,0.7656x0.7656x2.5,RAS,"0,1,2",59175,5419,False,20185088,-1024.0,1482.0,-546.5798,497.2994
pancreas_155,True,True,512x512x95,512x512x95,3,3,True,0.832x0.832x2.5,RAS,"0,1,2",36028,3489,False,24903680,-1024.0,1620.0,-678.4769,462.593
pancreas_157,True,True,512x512x77,512x512x77,3,3,True,0.7812x0.7812x2.5,RAS,"0,1,2",77551,2686,False,20185088,-1024.0,1804.0,-544.684,500.6232
pancreas_158,True,True,512x512x66,512x512x66,3,3,True,0.9492x0.9492x5.0,RAS,"0,1,2",38357,2626,False,17301504,-1184.0,1233.0,-558.7847,482.2826
pancreas_159,True,True,512x512x90,512x512x90,3,3,True,0.6562x0.6562x2.5,RAS,"0,1,2",77352,6059,False,23592960,-1024.0,3071.0,-502.9979,497.1971
pancreas_160,True,True,512x512x75,512x512x75,3,3,True,0.8203x0.8203x2.5,RAS,"0,1,2",34540,9424,False,19660800,-1024.0,3071.0,-614.593,481.087
pancreas_165,True,True,512x512x85,512x512x85,3,3,True,0.9766x0.9766x2.5,RAS,"0,1,2",35034,445,False,22282240,-1024.0,3071.0,-616.4685,471.0486
pancreas_166,True,True,512x512x95,512x512x95,3,3,True,0.9258x0.9258x2.5,RAS,"0,1,2",44077,3918,False,24903680,-1024.0,1523.0,-595.7169,476.6509
pancreas_167,True,True,512x512x101,512x512x101,3,3,True,0.7598x0.7598x2.5,RAS,"0,1,2",72183,7480,False,26476544,-1024.0,3071.0,-548.643,495.9024
pancreas_169,True,True,512x512x87,512x512x87,3,3,True,0.7422x0.7422x2.5,RAS,"0,1,2",22362,1339,False,22806528,-1024.0,1997.0,-617.3605,483.9359
pancreas_170,True,True,512x512x103,512x512x103,3,3,True,0.8027x0.8027x2.5,RAS,"0,1,2",39292,1662,False,27000832,-1024.0,3071.0,-530.1003,491.8375
pancreas_172,True,True,512x512x95,512x512x95,3,3,True,0.7402x0.7402x2.5,RAS,"0,1,2",88942,1298,False,24903680,-1024.0,3071.0,-460.459,491.8149
pancreas_173,True,True,512x512x81,512x512x81,3,3,True,0.6934x0.6934x2.5,RAS,"0,1,2",38282,1584,False,21233664,-1024.0,3071.0,-509.3057,502.83
pancreas_175,True,True,512x512x91,512x512x91,3,3,True,0.7773x0.7773x2.5,RAS,"0,1,2",38003,1750,False,23855104,-1024.0,2198.0,-530.5566,500.6584
pancreas_178,True,True,512x512x110,512x512x110,3,3,True,0.8008x0.8008x2.5,RAS,"0,1,2",36582,3400,False,28835840,-1024.0,1323.0,-566.2497,487.8269
pancreas_179,True,True,512x512x89,512x512x89,3,3,True,0.7852x0.7852x2.5,RAS,"0,1,2",33111,1199,False,23330816,-1024.0,3071.0,-622.765,476.7968
pancreas_180,True,True,512x512x95,512x512x95,3,3,True,0.7422x0.7422x2.5,RAS,"0,1,2",48740,8857,False,24903680,-1024.0,3071.0,-552.5526,492.3991
pancreas_181,True,True,512x512x87,512x512x87,3,3,True,0.9766x0.9766x2.5,RAS,"0,1,2",27931,2275,False,22806528,-1024.0,1463.0,-645.6977,462.2363
pancreas_182,True,True,512x512x79,512x512x79,3,3,True,0.6738x0.6738x2.5,RAS,"0,1,2",31464,20299,False,20709376,-1024.0,2125.0,-562.206,516.1888
pancreas_183,True,True,512x512x76,512x512x76,3,3,True,0.8223x0.8223x2.5,RAS,"0,1,2",13709,1812,False,19922944,-1024.0,1714.0,-682.1157,460.023
pancreas_186,True,True,512x512x51,512x512x51,3,3,True,0.709x0.709x5.0,RAS,"0,1,2",27107,2450,False,13369344,-1024.0,1258.0,-626.7485,491.148
pancreas_187,True,True,512x512x95,512x512x95,3,3,True,0.8398x0.8398x2.5,RAS,"0,1,2",28160,9042,False,24903680,-1024.0,1610.0,-565.4935,489.7353
pancreas_191,True,True,512x512x57,512x512x57,3,3,True,0.7383x0.7383x2.5,RAS,"0,1,2",45174,6609,False,14942208,-1024.0,3071.0,-543.6682,505.2474
pancreas_193,True,True,512x512x113,512x512x113,3,3,True,0.7773x0.7773x2.5,RAS,"0,1,2",40272,4643,False,29622272,-1024.0,2832.0,-496.4336,506.2502
pancreas_194,True,True,512x512x98,512x512x98,3,3,True,0.7305x0.7305x2.5,RAS,"0,1,2",85676,4645,False,25690112,-1024.0,3071.0,-511.1246,502.2492
pancreas_196,True,True,512x512x92,512x512x92,3,3,True,0.6445x0.6445x2.5,RAS,"0,1,2",48209,2963,False,24117248,-1024.0,1881.0,-495.4516,497.0293
pancreas_197,True,True,512x512x73,512x512x73,3,3,True,0.8516x0.8516x2.5,RAS,"0,1,2",19962,1813,False,19136512,-1024.0,3071.0,-610.4358,477.5212
pancreas_198,True,True,512x512x111,512x512x111,3,3,True,0.8984x0.8984x2.5,RAS,"0,1,2",34732,3037,False,29097984,-1024.0,1217.0,-564.5991,482.4131
pancreas_199,True,True,512x512x95,512x512x95,3,3,True,0.8027x0.8027x2.5,RAS,"0,1,2",57707,9060,False,24903680,-1024.0,3024.0,-614.7625,494.9314
pancreas_200,True,True,512x512x89,512x512x89,3,3,True,0.9395x0.9395x2.5,RAS,"0,1,2",46058,2706,False,23330816,-1024.0,3071.0,-534.0572,481.7645
pancreas_201,True,True,512x512x76,512x512x76,3,3,True,0.6445x0.6445x2.5,RAS,"0,1,2",36391,4689,False,19922944,-1024.0,3071.0,-567.3958,519.7294
pancreas_203,True,True,512x512x106,512x512x106,3,3,True,0.7617x0.7617x2.5,RAS,"0,1,2",53515,681,False,27787264,-1024.0,1344.0,-527.1197,505.2198
pancreas_204,True,True,512x512x73,512x512x73,3,3,True,0.6445x0.6445x2.5,RAS,"0,1,2",19664,4749,False,19136512,-1268.0,4009.0,-621.7885,498.3157
pancreas_207,True,True,512x512x81,512x512x81,3,3,True,0.7344x0.7344x2.5,RAS,"0,1,2",71337,2621,False,21233664,-1024.0,1924.0,-459.415,489.8578
pancreas_209,True,True,512x512x104,512x512x104,3,3,True,0.9609x0.9609x2.5,RAS,"0,1,2",52456,4812,False,27262976,-1024.0,1794.0,-562.5249,493.422
pancreas_210,True,True,512x512x93,512x512x93,3,3,True,0.8848x0.8848x2.5,RAS,"0,1,2",37349,1779,False,24379392,-1024.0,2791.0,-574.3539,491.847
pancreas_211,True,True,512x512x121,512x512x121,3,3,True,0.9141x0.9141x2.5,RAS,"0,1,2",24324,2580,False,31719424,-1024.0,3071.0,-533.0898,476.6551
pancreas_212,True,True,512x512x97,512x512x97,3,3,True,0.873x0.873x2.5,RAS,"0,1,2",47950,673,False,25427968,-1024.0,3071.0,-542.0724,481.8588
pancreas_213,True,True,512x512x95,512x512x95,3,3,True,0.9375x0.9375x2.5,RAS,"0,1,2",24190,9672,False,24903680,-1024.0,3071.0,-612.3273,463.8196
pancreas_214,True,True,512x512x109,512x512x109,3,3,True,0.8496x0.8496x2.5,RAS,"0,1,2",45096,1613,False,28573696,-1024.0,1500.0,-592.8915,487.3918
pancreas_215,True,True,512x512x99,512x512x99,3,3,True,0.7578x0.7578x2.5,RAS,"0,1,2",48883,1043,False,25952256,-1024.0,3071.0,-522.8597,501.5904
pancreas_217,True,True,512x512x107,512x512x107,3,3,True,0.8301x0.8301x2.5,RAS,"0,1,2",84865,1307,False,28049408,-1024.0,2163.0,-532.8008,495.9393
pancreas_218,True,True,512x512x99,512x512x99,3,3,True,0.7539x0.7539x2.5,RAS,"0,1,2",41547,1601,False,25952256,-1024.0,3071.0,-553.9833,472.258
pancreas_219,True,True,512x512x192,512x512x192,3,3,True,0.9766x0.9766x2.5,RAS,"0,1,2",38295,4020,False,50331648,-1024.0,2411.0,-541.5371,480.0499
pancreas_222,True,True,512x512x77,512x512x77,3,3,True,0.6055x0.6055x2.5,RAS,"0,1,2",40200,2834,False,20185088,-1024.0,2218.0,-533.0027,511.9036
pancreas_224,True,True,512x512x93,512x512x93,3,3,True,0.8633x0.8633x2.5,RAS,"0,1,2",30568,1471,False,24379392,-1024.0,3071.0,-551.3027,481.8927
pancreas_225,True,True,512x512x81,512x512x81,3,3,True,0.7402x0.7402x2.5,RAS,"0,1,2",43674,1946,False,21233664,-1024.0,3071.0,-575.7038,481.0317
pancreas_226,True,True,512x512x104,512x512x104,3,3,True,0.8281x0.8281x2.5,RAS,"0,1,2",28219,3344,False,27262976,-1024.0,3009.0,-578.8183,501.4075
pancreas_227,True,True,512x512x89,512x512x89,3,3,True,0.9766x0.9766x2.5,RAS,"0,1,2",26906,2757,False,23330816,-1024.0,1842.0,-552.8725,482.3968
pancreas_228,True,True,512x512x113,512x512x113,3,3,True,0.8984x0.8984x2.5,RAS,"0,1,2",25697,1256,False,29622272,-1024.0,2209.0,-683.9453,464.1393
pancreas_229,True,True,512x512x87,512x512x87,3,3,True,0.8789x0.8789x2.5,RAS,"0,1,2",21224,3733,False,22806528,-1024.0,3071.0,-561.463,471.3222
pancreas_230,True,True,512x512x96,512x512x96,3,3,True,0.7793x0.7793x2.5,RAS,"0,1,2",14935,2543,False,25165824,-1024.0,1779.0,-512.7129,483.3915
pancreas_231,True,True,512x512x93,512x512x93,3,3,True,0.791x0.791x2.5,RAS,"0,1,2",27708,2641,False,24379392,-1024.0,1571.0,-571.0215,495.165
pancreas_234,True,True,512x512x81,512x512x81,3,3,True,0.8984x0.8984x2.5,RAS,"0,1,2",40090,6687,False,21233664,-1024.0,1713.0,-671.6092,467.9571
pancreas_235,True,True,512x512x84,512x512x84,3,3,True,0.7773x0.7773x2.5,RAS,"0,1,2",47536,1823,False,22020096,-1024.0,2761.0,-646.4896,475.9994
pancreas_236,True,True,512x512x81,512x512x81,3,3,True,0.8594x0.8594x2.5,RAS,"0,1,2",17682,2086,False,21233664,-1024.0,3071.0,-561.174,496.9562
pancreas_239,True,True,512x512x92,512x512x92,3,3,True,0.7031x0.7031x2.5,RAS,"0,1,2",44945,1611,False,24117248,-1024.0,1510.0,-542.4244,506.6747
pancreas_241,True,True,512x512x99,512x512x99,3,3,True,0.7988x0.7988x2.5,RAS,"0,1,2",35728,4530,False,25952256,-1024.0,1448.0,-606.7783,483.7303
pancreas_242,True,True,512x512x101,512x512x101,3,3,True,0.8711x0.8711x2.5,RAS,"0,1,2",36453,405,False,26476544,-1024.0,3071.0,-585.8176,475.2222
pancreas_243,True,True,512x512x51,512x512x51,3,3,True,0.7617x0.7617x5.0,RAS,"0,1,2",22943,1171,False,13369344,-1024.0,1301.0,-555.1103,483.0978
pancreas_244,True,True,512x512x103,512x512x103,3,3,True,0.9082x0.9082x2.5,RAS,"0,1,2",19910,707,False,27000832,-1024.0,1362.0,-638.095,471.6853
pancreas_246,True,True,512x512x107,512x512x107,3,3,True,0.8984x0.8984x2.5,RAS,"0,1,2",43168,791,False,28049408,-1024.0,1959.0,-667.6669,467.1188
pancreas_247,True,True,512x512x89,512x512x89,3,3,True,0.6445x0.6445x2.5,RAS,"0,1,2",56573,1903,False,23330816,-1024.0,2787.0,-563.4939,509.8041
pancreas_249,True,True,512x512x123,512x512x123,3,3,True,0.9766x0.9766x2.5,RAS,"0,1,2",34444,2607,False,32243712,-1024.0,3071.0,-637.3803,472.293
pancreas_253,True,True,512x512x94,512x512x94,3,3,True,0.7695x0.7695x2.5,RAS,"0,1,2",25268,1106,False,24641536,-1024.0,3071.0,-525.5838,501.3874
pancreas_254,True,True,512x512x101,512x512x101,3,3,True,0.9766x0.9766x2.5,RAS,"0,1,2",26351,2212,False,26476544,-1024.0,1381.0,-655.1044,462.0275
pancreas_255,True,True,512x512x99,512x512x99,3,3,True,0.8203x0.8203x2.5,RAS,"0,1,2",54975,2733,False,25952256,-1024.0,3071.0,-591.7572,487.311
pancreas_256,True,True,512x512x89,512x512x89,3,3,True,0.7734x0.7734x2.5,RAS,"0,1,2",34905,3584,False,23330816,-1024.0,1434.0,-661.7504,476.71
pancreas_258,True,True,512x512x79,512x512x79,3,3,True,0.7305x0.7305x2.5,RAS,"0,1,2",78609,3364,False,20709376,-1024.0,3071.0,-560.7423,505.2919
pancreas_259,True,True,512x512x88,512x512x88,3,3,True,0.8438x0.8438x2.5,RAS,"0,1,2",24678,3593,False,23068672,-1024.0,2363.0,-605.5531,481.7216
pancreas_261,True,True,512x512x161,512x512x161,3,3,True,0.6992x0.6992x1.5,RAS,"0,1,2",27657,2834,False,42205184,-1024.0,3071.0,-560.8946,504.901
pancreas_262,True,True,512x512x76,512x512x76,3,3,True,0.752x0.752x2.5,RAS,"0,1,2",31880,3750,False,19922944,-1024.0,1543.0,-663.021,477.4381
pancreas_264,True,True,512x512x109,512x512x109,3,3,True,0.8379x0.8379x2.5,RAS,"0,1,2",23049,4912,False,28573696,-1024.0,1976.0,-533.2998,493.4578
pancreas_265,True,True,512x512x81,512x512x81,3,3,True,0.834x0.834x2.5,RAS,"0,1,2",35436,526,False,21233664,-1024.0,1437.0,-687.1127,466.4619
pancreas_266,True,True,512x512x97,512x512x97,3,3,True,0.8984x0.8984x2.5,RAS,"0,1,2",33836,6737,False,25427968,-1024.0,2049.0,-684.0429,464.0244
pancreas_267,True,True,512x512x89,512x512x89,3,3,True,0.6797x0.6797x2.5,RAS,"0,1,2",82608,2778,False,23330816,-1024.0,3071.0,-503.8112,502.6539
pancreas_268,True,True,512x512x67,512x512x67,3,3,True,0.7363x0.7363x2.5,RAS,"0,1,2",21482,4682,False,17563648,-1024.0,1853.0,-668.0108,474.443
pancreas_269,True,True,512x512x113,512x512x113,3,3,True,0.7773x0.7773x2.5,RAS,"0,1,2",68941,5067,False,29622272,-1024.0,1492.0,-557.9966,503.0805
pancreas_270,True,True,512x512x87,512x512x87,3,3,True,0.8008x0.8008x2.5,RAS,"0,1,2",32855,1731,False,22806528,-1024.0,2170.0,-562.1005,486.7111
pancreas_274,True,True,512x512x115,512x512x115,3,3,True,0.7031x0.7031x2.5,RAS,"0,1,2",46328,7046,False,30146560,-1024.0,2061.0,-579.9225,494.7669
pancreas_275,True,True,512x512x105,512x512x105,3,3,True,0.75x0.75x2.5,RAS,"0,1,2",42769,10961,False,27525120,-1024.0,3071.0,-502.0019,507.0159
pancreas_276,True,True,512x512x89,512x512x89,3,3,True,0.8555x0.8555x2.5,RAS,"0,1,2",67919,8410,False,23330816,-1024.0,1664.0,-586.6121,496.7303
pancreas_277,True,True,512x512x109,512x512x109,3,3,True,0.9512x0.9512x2.5,RAS,"0,1,2",35997,3028,False,28573696,-1024.0,2609.0,-660.9307,452.2335
pancreas_278,True,True,512x512x100,512x512x100,3,3,True,0.8809x0.8809x2.5,RAS,"0,1,2",29379,5089,False,26214400,-1024.0,1403.0,-509.2697,492.2191
pancreas_279,True,True,512x512x80,512x512x80,3,3,True,0.7031x0.7031x2.5,RAS,"0,1,2",32072,4201,False,20971520,-1024.0,1531.0,-532.7401,500.0471
pancreas_280,True,True,512x512x97,512x512x97,3,3,True,0.9277x0.9277x2.5,RAS,"0,1,2",50407,1476,False,25427968,-1024.0,3071.0,-702.635,450.3064
pancreas_283,True,True,512x512x107,512x512x107,3,3,True,0.709x0.709x2.5,RAS,"0,1,2",42683,7232,False,28049408,-1024.0,1627.0,-561.4909,518.1418
pancreas_284,True,True,512x512x85,512x512x85,3,3,True,0.7539x0.7539x2.5,RAS,"0,1,2",70684,2599,False,22282240,-1024.0,1666.0,-545.9942,506.0139
pancreas_285,True,True,512x512x113,512x512x113,3,3,True,0.832x0.832x2.5,RAS,"0,1,2",30846,1389,False,29622272,-1024.0,3071.0,-518.8109,492.5225
pancreas_286,True,True,512x512x93,512x512x93,3,3,True,0.7676x0.7676x2.5,RAS,"0,1,2",68197,2326,False,24379392,-1024.0,1409.0,-574.8798,490.3082
pancreas_287,True,True,512x512x98,512x512x98,3,3,True,0.7793x0.7793x2.5,RAS,"0,1,2",34002,12511,False,25690112,-1024.0,1550.0,-661.7034,468.0733
pancreas_289,True,True,512x512x96,512x512x96,3,3,True,0.6875x0.6875x2.5,RAS,"0,1,2",59448,4550,False,25165824,-1024.0,3071.0,-538.4245,519.5351
pancreas_290,True,True,512x512x97,512x512x97,3,3,True,0.916x0.916x2.5,RAS,"0,1,2",29162,3521,False,25427968,-1024.0,1393.0,-682.2023,458.2977
pancreas_291,True,True,512x512x97,512x512x97,3,3,True,0.916x0.916x2.5,RAS,"0,1,2",28748,4443,False,25427968,-1024.0,1393.0,-682.2023,458.2977
pancreas_292,True,True,512x512x93,512x512x93,3,3,True,0.8359x0.8359x2.5,RAS,"0,1,2",43279,5127,False,24379392,-1024.0,3071.0,-486.8454,483.772
pancreas_293,True,True,512x512x107,512x512x107,3,3,True,0.8945x0.8945x2.5,RAS,"0,1,2",49419,2893,False,28049408,-1024.0,1402.0,-532.3823,491.2342
pancreas_294,True,True,512x512x97,512x512x97,3,3,True,0.8105x0.8105x2.5,RAS,"0,1,2",41188,6803,False,25427968,-1024.0,1686.0,-618.3738,478.1749
pancreas_295,True,True,512x512x105,512x512x105,3,3,True,0.8125x0.8125x2.5,RAS,"0,1,2",40436,1849,False,27525120,-1024.0,3071.0,-546.6156,497.4586
pancreas_296,True,True,512x512x43,512x512x43,3,3,True,0.9766x0.9766x5.0,RAS,"0,1,2",29221,932,False,11272192,-1024.0,1141.0,-557.0843,479.7175
pancreas_297,True,True,512x512x101,512x512x101,3,3,True,0.9023x0.9023x2.5,RAS,"0,1,2",27395,2232,False,26476544,-1024.0,1340.0,-588.2021,477.9732
pancreas_298,True,True,512x512x93,512x512x93,3,3,True,0.8652x0.8652x2.5,RAS,"0,1,2",23814,4280,False,24379392,-1024.0,3071.0,-612.282,475.5308
pancreas_299,True,True,512x512x83,512x512x83,3,3,True,0.6836x0.6836x2.5,RAS,"0,1,2",72850,5280,False,21757952,-1024.0,3071.0,-605.6717,490.8542
pancreas_300,True,True,512x512x85,512x512x85,3,3,True,0.8672x0.8672x2.5,RAS,"0,1,2",40522,2182,False,22282240,-1024.0,1842.0,-689.1059,459.1039
pancreas_301,True,True,512x512x83,512x512x83,3,3,True,0.834x0.834x2.5,RAS,"0,1,2",17838,1024,False,21757952,-1024.0,3071.0,-599.0365,499.5866
pancreas_302,True,True,512x512x83,512x512x83,3,3,True,0.9473x0.9473x2.5,RAS,"0,1,2",53798,1624,False,21757952,-1024.0,1334.0,-634.287,479.0803
pancreas_303,True,True,512x512x113,512x512x113,3,3,True,0.9766x0.9766x2.5,RAS,"0,1,2",23725,1172,False,29622272,-1024.0,1913.0,-557.3823,470.5309
pancreas_304,True,True,512x512x93,512x512x93,3,3,True,0.7227x0.7227x2.5,RAS,"0,1,2",26862,872,False,24379392,-1024.0,1449.0,-599.8506,489.9481
pancreas_305,True,True,512x512x73,512x512x73,3,3,True,0.7402x0.7402x2.5,RAS,"0,1,2",20207,1252,False,19136512,-1024.0,1448.0,-594.7007,498.352
pancreas_308,True,True,512x512x113,512x512x113,3,3,True,0.9629x0.9629x2.5,RAS,"0,1,2",51014,880,False,29622272,-1024.0,1468.0,-614.8085,474.77
pancreas_309,True,True,512x512x95,512x512x95,3,3,True,0.7793x0.7793x2.5,RAS,"0,1,2",39133,5093,False,24903680,-1024.0,1596.0,-511.5715,503.0758
pancreas_310,True,True,512x512x81,512x512x81,3,3,True,0.9219x0.9219x2.5,RAS,"0,1,2",14904,1731,False,21233664,-1024.0,2980.0,-623.7933,470.2641
pancreas_311,True,True,512x512x87,512x512x87,3,3,True,0.7656x0.7656x2.5,RAS,"0,1,2",38390,5039,False,22806528,-1024.0,3071.0,-571.2963,488.4551
pancreas_312,True,True,512x512x75,512x512x75,3,3,True,0.9277x0.9277x2.5,RAS,"0,1,2",15785,1729,False,19660800,-1024.0,1790.0,-716.0129,446.623
pancreas_313,True,True,512x512x95,512x512x95,3,3,True,0.8203x0.8203x2.5,RAS,"0,1,2",40077,2008,False,24903680,-1024.0,1308.0,-574.5503,501.4198
pancreas_315,True,True,512x512x93,512x512x93,3,3,True,0.8555x0.8555x2.5,RAS,"0,1,2",36531,3262,False,24379392,-1024.0,1397.0,-662.8668,466.379
pancreas_316,True,True,512x512x89,512x512x89,3,3,True,0.7246x0.7246x2.5,RAS,"0,1,2",26817,1099,False,23330816,-1024.0,3071.0,-545.9557,485.6556
pancreas_318,True,True,512x512x105,512x512x105,3,3,True,0.7891x0.7891x2.5,RAS,"0,1,2",67565,407,False,27525120,-1024.0,1380.0,-515.4594,495.1135
pancreas_320,True,True,512x512x91,512x512x91,3,3,True,0.7422x0.7422x2.5,RAS,"0,1,2",54314,2399,False,23855104,-1024.0,2151.0,-531.6564,496.6313
pancreas_321,True,True,512x512x117,512x512x117,3,3,True,0.8945x0.8945x2.5,RAS,"0,1,2",29443,433,False,30670848,-1024.0,2288.0,-531.8886,477.9305
pancreas_323,True,True,512x512x95,512x512x95,3,3,True,0.959x0.959x2.5,RAS,"0,1,2",40643,1639,False,24903680,-1024.0,3071.0,-701.2004,450.1656
pancreas_325,True,True,512x512x93,512x512x93,3,3,True,0.7422x0.7422x2.5,RAS,"0,1,2",44380,1527,False,24379392,-1024.0,3071.0,-528.7473,487.6995
pancreas_326,True,True,512x512x89,512x512x89,3,3,True,0.9512x0.9512x2.5,RAS,"0,1,2",24473,2629,False,23330816,-1024.0,1598.0,-564.3624,479.6269
pancreas_327,True,True,512x512x99,512x512x99,3,3,True,0.9766x0.9766x2.5,RAS,"0,1,2",40170,1920,False,25952256,-1024.0,1445.0,-679.9759,460.3783
pancreas_328,True,True,512x512x95,512x512x95,3,3,True,0.9766x0.9766x2.5,RAS,"0,1,2",24099,491,False,24903680,-1024.0,3071.0,-584.685,482.9707
pancreas_329,True,True,512x512x79,512x512x79,3,3,True,0.9766x0.9766x2.5,RAS,"0,1,2",56571,4183,False,20709376,-1024.0,2114.0,-591.8642,491.5212
pancreas_330,True,True,512x512x89,512x512x89,3,3,True,0.8125x0.8125x2.5,RAS,"0,1,2",20393,4549,False,23330816,-1024.0,2769.0,-569.6516,493.0233
pancreas_331,True,True,512x512x101,512x512x101,3,3,True,0.7988x0.7988x2.5,RAS,"0,1,2",35826,1940,False,26476544,-1024.0,2011.0,-617.9577,471.7557
pancreas_333,True,True,512x512x97,512x512x97,3,3,True,0.9766x0.9766x2.5,RAS,"0,1,2",36442,4784,False,25427968,-1024.0,1314.0,-596.7959,483.1295
pancreas_334,True,True,512x512x91,512x512x91,3,3,True,0.752x0.752x2.5,RAS,"0,1,2",31748,779,False,23855104,-1024.0,1790.0,-699.1254,459.886
pancreas_336,True,True,512x512x92,512x512x92,3,3,True,0.8594x0.8594x2.5,RAS,"0,1,2",33873,2983,False,24117248,-1024.0,1333.0,-605.1033,479.0917
pancreas_339,True,True,512x512x105,512x512x105,3,3,True,0.9277x0.9277x2.5,RAS,"0,1,2",34108,1748,False,27525120,-1024.0,1313.0,-580.7804,474.4462
pancreas_342,True,True,512x512x117,512x512x117,3,3,True,0.8184x0.8184x2.5,RAS,"0,1,2",68334,1296,False,30670848,-1024.0,3071.0,-601.6041,485.7183
pancreas_343,True,True,512x512x86,512x512x86,3,3,True,0.7793x0.7793x2.5,RAS,"0,1,2",16536,632,False,22544384,-1024.0,1467.0,-587.3485,493.0471
pancreas_344,True,True,512x512x112,512x512x112,3,3,True,0.7715x0.7715x2.5,RAS,"0,1,2",30973,2569,False,29360128,-1024.0,2408.0,-548.2237,488.2645
pancreas_345,True,True,512x512x84,512x512x84,3,3,True,0.8398x0.8398x2.5,RAS,"0,1,2",35228,1195,False,22020096,-1024.0,3071.0,-633.0463,481.7852
pancreas_346,True,True,512x512x103,512x512x103,3,3,True,0.8613x0.8613x2.5,RAS,"0,1,2",12535,688,False,27000832,-1024.0,1771.0,-577.2218,494.5951
pancreas_347,True,True,512x512x89,512x512x89,3,3,True,0.7383x0.7383x2.5,RAS,"0,1,2",36457,303,False,23330816,-1024.0,3071.0,-702.1655,457.8027
pancreas_348,True,True,512x512x89,512x512x89,3,3,True,0.7422x0.7422x2.5,RAS,"0,1,2",33372,1190,False,23330816,-1024.0,2811.0,-533.3135,495.1993
pancreas_350,True,True,512x512x89,512x512x89,3,3,True,0.7266x0.7266x2.5,RAS,"0,1,2",46921,1573,False,23330816,-1024.0,1583.0,-491.1635,503.0104
pancreas_351,True,True,512x512x88,512x512x88,3,3,True,0.6738x0.6738x2.5,RAS,"0,1,2",28677,1555,False,23068672,-1024.0,2849.0,-539.2642,500.9104
pancreas_354,True,True,512x512x81,512x512x81,3,3,True,0.8301x0.8301x5.0,RAS,"0,1,2",13834,4678,False,21233664,-1024.0,1568.0,-570.4528,499.2899
pancreas_355,True,True,512x512x86,512x512x86,3,3,True,0.7031x0.7031x5.0,RAS,"0,1,2",41883,4359,False,22544384,-1024.0,2871.0,-609.4198,497.278
pancreas_356,True,True,512x512x84,512x512x84,3,3,True,0.6777x0.6777x5.0,RAS,"0,1,2",48396,2205,False,22020096,-1024.0,1502.0,-468.6811,517.374
pancreas_357,True,True,512x512x44,512x512x44,3,3,True,0.6328x0.6328x5.0,RAS,"0,1,2",44656,2467,False,11534336,-1024.0,1355.0,-439.7995,496.2765
pancreas_358,True,True,512x512x89,512x512x89,3,3,True,0.7285x0.7285x5.0,RAS,"0,1,2",33694,1009,False,23330816,-1024.0,1931.0,-505.0313,511.0236
pancreas_360,True,True,512x512x40,512x512x40,3,3,True,0.8184x0.8184x7.5,RAS,"0,1,2",13839,1055,False,10485760,-1024.0,2701.0,-582.9369,485.4611
pancreas_361,True,True,512x512x68,512x512x68,3,3,True,0.625x0.625x5.0,RAS,"0,1,2",36556,1192,False,17825792,-1024.0,1564.0,-470.0197,512.0797
pancreas_362,True,True,512x512x48,512x512x48,3,3,True,0.7031x0.7031x5.0,RAS,"0,1,2",33202,3037,False,12582912,-1024.0,3071.0,-433.7302,480.7559
pancreas_364,True,True,512x512x89,512x512x89,3,3,True,0.7031x0.7031x2.5,RAS,"0,1,2",76875,23203,False,23330816,-1024.0,1537.0,-551.7339,500.5986
pancreas_365,True,True,512x512x94,512x512x94,3,3,True,0.875x0.875x5.0,RAS,"0,1,2",35536,15745,False,24641536,-1024.0,1247.0,-367.1439,465.4275
pancreas_366,True,True,512x512x121,512x512x121,3,3,True,0.8828x0.8828x2.5,RAS,"0,1,2",65053,2487,False,31719424,-1024.0,1273.0,-539.9212,487.41
pancreas_367,True,True,512x512x104,512x512x104,3,3,True,0.8633x0.8633x2.5,RAS,"0,1,2",61812,5998,False,27262976,-1024.0,1270.0,-556.1257,483.095
pancreas_369,True,True,512x512x97,512x512x97,3,3,True,0.9766x0.9766x2.5,RAS,"0,1,2",58604,2443,False,25427968,-1024.0,2772.0,-536.1871,485.7806
pancreas_370,True,True,512x512x91,512x512x91,3,3,True,0.6758x0.6758x5.0,RAS,"0,1,2",26506,64032,False,23855104,-1024.0,1448.0,-436.05,489.3674
pancreas_372,True,True,512x512x93,512x512x93,3,3,True,0.9766x0.9766x2.5,RAS,"0,1,2",53062,11448,False,24379392,-1024.0,1341.0,-667.5249,464.2014
pancreas_374,True,True,512x512x137,512x512x137,3,3,True,0.7422x0.7422x2.5,RAS,"0,1,2",77188,13725,False,35913728,-1024.0,1573.0,-584.3286,495.9359
pancreas_375,True,True,512x512x117,512x512x117,3,3,True,0.8984x0.8984x2.5,RAS,"0,1,2",68848,2668,False,30670848,-1024.0,1376.0,-595.52,485.2644
pancreas_376,True,True,512x512x109,512x512x109,3,3,True,0.8594x0.8594x2.5,RAS,"0,1,2",44095,5608,False,28573696,-1024.0,1282.0,-549.6623,489.4396
pancreas_377,True,True,512x512x55,512x512x55,3,3,True,0.8633x0.8633x5.0,RAS,"0,1,2",10549,12934,False,14417920,-1024.0,3071.0,-635.9869,491.4852
pancreas_378,True,True,512x512x93,512x512x93,3,3,True,0.7402x0.7402x2.5,RAS,"0,1,2",49853,868,False,24379392,-1024.0,1645.0,-551.5367,484.7948
pancreas_379,True,True,512x512x384,512x512x384,3,3,True,0.6953x0.6953x1.25,RAS,"0,1,2",85388,11885,False,100663296,-1024.0,3071.0,-428.4654,497.3371
pancreas_380,True,True,512x512x63,512x512x63,3,3,True,0.8926x0.8926x5.0,RAS,"0,1,2",18188,7372,False,16515072,-1024.0,1286.0,-674.5489,456.9773
pancreas_382,True,True,512x512x111,512x512x111,3,3,True,0.8164x0.8164x2.5,RAS,"0,1,2",52671,1483,False,29097984,-1024.0,1516.0,-658.5449,462.1323
pancreas_385,True,True,512x512x49,512x512x49,3,3,True,0.8398x0.8398x5.0,RAS,"0,1,2",18438,12754,False,12845056,-1024.0,1410.0,-685.0072,469.1277
pancreas_386,True,True,512x512x81,512x512x81,3,3,True,0.7617x0.7617x2.5,RAS,"0,1,2",56077,1161,False,21233664,-1024.0,1336.0,-627.4578,486.6729
pancreas_387,True,True,512x512x50,512x512x50,3,3,True,0.7812x0.7812x5.0,RAS,"0,1,2",18371,22847,False,13107200,-1052.0,1199.0,-554.633,496.9048
pancreas_388,True,True,512x512x57,512x512x57,3,3,True,0.8887x0.8887x5.0,RAS,"0,1,2",7537,4590,False,14942208,-1024.0,1311.0,-607.1315,476.1747
pancreas_389,True,True,512x512x118,512x512x118,3,3,True,0.8516x0.8516x2.5,RAS,"0,1,2",36919,1334,False,30932992,-1024.0,3071.0,-591.1839,481.8867
pancreas_391,True,True,512x512x89,512x512x89,3,3,True,0.957x0.957x2.5,RAS,"0,1,2",38541,61414,False,23330816,-1024.0,1621.0,-682.2799,464.0886
pancreas_392,True,True,512x512x57,512x512x57,3,3,True,0.7031x0.7031x5.0,RAS,"0,1,2",31100,914,False,14942208,-1024.0,1345.0,-483.8788,519.9445
pancreas_393,True,True,512x512x119,512x512x119,3,3,True,0.9766x0.9766x2.5,RAS,"0,1,2",60281,2571,False,31195136,-1024.0,2053.0,-636.6695,465.0605
pancreas_395,True,True,512x512x142,512x512x142,3,3,True,0.7773x0.7773x3.0,RAS,"0,1,2",36593,1113,False,37224448,-1024.0,2705.0,-567.9927,485.6389
pancreas_398,True,True,512x512x103,512x512x103,3,3,True,0.9297x0.9297x2.5,RAS,"0,1,2",27040,401,False,27000832,-1024.0,3071.0,-615.4217,474.7344
pancreas_399,True,True,512x512x58,512x512x58,3,3,True,0.9375x0.9375x5.0,RAS,"0,1,2",14659,2682,False,15204352,-1024.0,3071.0,-617.3249,478.2138
pancreas_400,True,True,512x512x107,512x512x107,3,3,True,0.9668x0.9668x2.5,RAS,"0,1,2",47965,2626,False,28049408,-1024.0,1346.0,-551.8548,476.0261
pancreas_401,True,True,512x512x120,512x512x120,3,3,True,0.7227x0.7227x3.75,RAS,"0,1,2",21109,3728,False,31457280,-2048.0,1505.0,-694.1939,810.3156
pancreas_402,True,True,512x512x134,512x512x134,3,3,True,0.726x0.726x3.0,RAS,"0,1,2",43304,1302,False,35127296,-2048.0,1911.0,-743.2568,804.73
pancreas_404,True,True,512x512x105,512x512x105,3,3,True,0.8789x0.8789x2.5,RAS,"0,1,2",31535,1272,False,27525120,-1024.0,1281.0,-542.4746,482.5182
pancreas_405,True,True,512x512x89,512x512x89,3,3,True,0.8105x0.8105x2.5,RAS,"0,1,2",49813,3601,False,23330816,-1024.0,1378.0,-699.1887,461.2858
pancreas_406,True,True,512x512x72,512x512x72,3,3,True,0.8926x0.8926x3.0,RAS,"0,1,2",49005,1726,False,18874368,-1024.0,1342.0,-501.1979,487.9405
pancreas_409,True,True,512x512x751,512x512x751,3,3,True,0.7871x0.7871x0.7,RAS,"0,1,2",233567,324028,False,196870144,-2048.0,3071.0,-711.9195,811.7969
pancreas_410,True,True,512x512x101,512x512x101,3,3,True,0.7031x0.7031x2.5,RAS,"0,1,2",62837,6964,False,26476544,-1024.0,1409.0,-577.0562,502.3998
pancreas_411,True,True,512x512x103,512x512x103,3,3,True,0.7363x0.7363x2.5,RAS,"0,1,2",43967,4295,False,27000832,-1024.0,3071.0,-588.5234,496.8065
pancreas_412,True,True,512x512x164,512x512x164,3,3,True,0.916x0.916x3.0,RAS,"0,1,2",30455,5069,False,42991616,-1024.0,1396.0,-578.5718,482.9683
pancreas_413,True,True,512x512x85,512x512x85,3,3,True,0.7812x0.7812x2.5,RAS,"0,1,2",45721,3490,False,22282240,-1024.0,1385.0,-556.5707,504.0075
pancreas_414,True,True,512x512x169,512x512x169,3,3,True,0.9766x0.9766x1.25,RAS,"0,1,2",50929,76733,False,44302336,-1024.0,3071.0,-725.2407,450.4491
pancreas_415,True,True,512x512x61,512x512x61,3,3,True,0.8789x0.8789x5.0,RAS,"0,1,2",35007,189621,False,15990784,-1024.0,1149.0,-476.0571,481.9135
pancreas_416,True,True,512x512x116,512x512x116,3,3,True,0.9219x0.9219x4.0,RAS,"0,1,2",21809,2828,False,30408704,-1024.0,1490.0,-609.8562,480.4512
pancreas_418,True,True,512x512x44,512x512x44,3,3,True,0.7031x0.7031x5.0,RAS,"0,1,2",29415,1102,False,11534336,-1024.0,1215.0,-457.3616,523.9629
pancreas_419,True,True,512x512x44,512x512x44,3,3,True,0.9375x0.9375x5.0,RAS,"0,1,2",17853,1414,False,11534336,-1024.0,1413.0,-761.2983,425.757
pancreas_421,True,True,512x512x131,512x512x131,3,3,True,0.9727x0.9727x2.0,RAS,"0,1,2",49503,5470,False,34340864,-1024.0,1401.0,-590.3693,477.3098
